"height","weight","base_experience","attack","defense","hp","special_attack","special_defense","speed","shape_armor","shape_arms","shape_ball","shape_blob","shape_bug.wings","shape_fish","shape_heads","shape_humanoid","shape_legs","shape_quadruped","shape_squiggle","shape_tentacles","shape_upright","shape_wings","type_bug","type_dark","type_dragon","type_electric","type_fairy","type_fighting","type_fire","type_flying","type_ghost","type_grass","type_ground","type_ice","type_normal","type_poison","type_psychic","type_rock","type_steel","type_water","eggtype_bug","eggtype_dragon","eggtype_fairy","eggtype_flying","eggtype_ground","eggtype_humanshape","eggtype_indeterminate","eggtype_mineral","eggtype_monster","eggtype_no.eggs","eggtype_plant","eggtype_water1","eggtype_water2","eggtype_water3","ability_blaze","ability_chlorophyll","ability_frisk","ability_guts","ability_hydration","ability_infiltrator","ability_inner.focus","ability_intimidate","ability_keen.eye","ability_levitate","ability_LOWFREQ","ability_oblivious","ability_overgrow","ability_own.tempo","ability_pressure","ability_run.away","ability_sand.veil","ability_sheer.force","ability_shell.armor","ability_sturdy","ability_swarm","ability_swift.swim","ability_thick.fat","ability_torrent","ability_water.absorb"
0.601947467677251,0.754200215422497,0.852368602360145,0.704960776901593,0.600724200625704,0.560112033611204,0.80582296402538,0.659380473395787,0.5,0,0,0,0,0,0,0,0,0,1,0,0,0,0,0,0,0,0,0,0,0,0,0,1,0,0,0,1,0,0,0,0,0,0,0,0,0,0,0,0,1,0,1,0,0,0,0,1,0,0,0,0,0,0,0,0,0,0,1,0,0,0,0,0,0,0,0,0,0,0,0
0.481821089273723,0.572878818911138,0.773118853830893,0.622799155329218,0.502169207581945,0.476918211428497,0.720749970156447,0.531609533071195,0.5,0,0,0,0,0,0,0,0,0,0,0,0,1,0,0,0,0,0,0,0,1,0,0,0,0,0,0,0,0,0,0,0,0,1,0,0,0,0,0,0,1,0,0,0,0,0,1,0,0,0,0,0,0,0,0,0,1,0,0,0,0,0,0,0,0,0,0,0,0,0,0
0.323392408702842,0.491296707202313,0.646337237701185,0.539359889970594,0.531609533071195,0.415390201627149,0.56980288229819,0.52750437871663,0.26875,0,0,0,0,0,0,0,0,0,0,0,0,1,0,0,0,0,0,0,0,0,0,0,0,0,0,0,0,0,0,0,1,0,0,0,0,0,0,0,0,1,0,0,1,0,0,0,0,0,0,0,0,0,0,0,0,1,0,0,0,0,0,0,0,0,0,0,0,0,1,0
0.557110117948816,0.737096491779816,0.854339179940086,0.709246292221752,0.659380473395787,0.556600324801044,0.742932064153952,0.675663924692176,0.4875,0,0,0,0,0,0,0,0,0,0,0,0,1,0,0,0,0,0,0,0,0,0,0,0,0,0,0,0,0,0,0,1,0,0,0,0,0,0,0,0,1,0,0,1,0,0,0,0,0,0,0,0,0,0,0,0,1,0,0,0,0,0,0,0,0,0,0,0,0,1,0
0.220749661430304,0.36764696168294,0.571522885660482,0.426401432711221,0.390094748802747,0.420084025208403,0.360374985078224,0.294883912309794,0.28125,0,0,0,0,0,0,0,0,0,0,1,0,0,0,1,0,0,0,0,0,0,0,0,0,0,0,0,0,0,0,0,0,1,0,0,0,0,0,0,0,0,0,0,0,0,0,0,0,0,0,0,0,0,0,0,0,1,0,0,0,0,1,0,0,0,0,0,0,0,0,0
0.220749661430304,0.37839481263068,0.571522885660482,0.460566186471838,0.361157559257308,0.39605901719067,0.360374985078224,0.294883912309794,0.3125,0,0,0,0,0,0,0,0,0,0,1,0,0,0,1,0,0,0,0,0,0,0,0,0,0,0,0,1,0,0,0,0,1,0,0,0,0,0,0,0,0,0,0,0,0,0,0,0,0,0,0,0,0,0,0,0,1,0,0,0,0,1,0,0,0,0,0,0,0,0,0
0.360027190917508,0.502800143614998,0.66716839988994,0.389249472080761,0.466252404120157,0.420084025208403,0.40291148201269,0.329690236697893,0.21875,0,0,0,0,0,0,0,0,0,0,1,0,0,0,1,0,0,0,0,0,0,0,0,0,0,0,0,1,0,0,0,0,1,0,0,0,0,0,0,0,0,0,0,0,0,0,0,0,0,0,0,0,0,0,0,0,1,0,0,0,0,0,0,0,0,0,0,0,0,0,0
0.462669938190046,0.620913432168652,0.80836851501042,0.738548945875996,0.41702882811415,0.504878164297401,0.540562477617335,0.589767824619589,0.46875,0,0,0,0,1,0,0,0,0,0,0,0,0,0,1,0,0,0,0,0,0,0,0,0,0,0,0,1,0,0,0,0,1,0,0,0,0,0,0,0,0,0,0,0,0,0,0,0,0,0,0,0,0,0,0,0,1,0,0,0,0,0,0,0,0,0,1,0,0,0,0
0.481821089273723,0.622748461312405,0.749436814625522,0.603022689155527,0.489009646921826,0.497050121747708,0.56980288229819,0.466252404120157,0.44375,0,0,0,0,0,0,0,0,0,0,0,0,0,1,0,0,0,0,0,0,0,1,0,0,0,0,1,0,0,0,0,0,0,0,0,1,0,0,0,0,0,0,0,0,0,0,0,0,0,0,0,0,0,0,1,0,1,0,0,0,0,0,0,0,0,0,0,0,0,0,0
0.220749661430304,0.388178817225324,0.613372599831213,0.582575265003535,0.390094748802747,0.342997170285018,0.40291148201269,0.390094748802747,0.45,0,0,0,0,0,0,0,0,0,1,0,0,0,0,0,0,0,0,0,0,0,0,0,0,0,0,1,0,0,0,0,0,0,0,0,0,1,0,0,0,0,0,0,0,0,0,0,0,0,1,0,0,0,0,0,0,1,0,0,0,0,1,0,0,0,0,0,0,0,0,0
0.220749661430304,0.327079034333635,0.6164018597523,0.603022689155527,0.361157559257308,0.39605901719067,0.448663238185057,0.367127510131905,0.4375,0,0,0,0,0,0,0,0,0,0,0,0,0,1,0,0,0,0,0,0,0,1,0,0,0,0,1,0,0,0,0,0,0,0,0,1,0,0,0,0,0,0,0,0,0,0,0,0,0,0,0,0,0,0,1,0,1,0,0,0,0,0,0,0,0,0,0,0,0,0,0
0.601947467677251,0.4622867934545,0.633437165960904,0.603022689155527,0.437383524868149,0.370479286817474,0.509647191437626,0.484543711852349,0.34375,0,0,0,0,0,0,0,0,0,0,1,0,0,0,0,0,0,0,0,0,0,0,0,0,0,0,0,1,0,0,0,0,0,1,0,0,1,0,0,0,0,0,0,0,0,0,0,0,0,0,0,0,0,1,0,0,1,0,0,0,0,0,0,0,0,0,0,0,0,0,0
0.462669938190046,0.620913432168652,0.789774869835398,0.778498944161523,0.691564074808125,0.542326144546641,0.540562477617335,0.489009646921826,0.40625,0,0,0,0,0,0,0,0,0,0,0,0,1,0,0,0,0,0,0,0,0,0,0,0,1,0,0,0,0,0,0,0,0,0,0,0,1,0,0,0,0,0,0,0,0,0,0,0,0,0,0,0,0,0,0,0,1,0,0,0,0,0,1,0,0,0,0,0,0,0,0
0.278555058974408,0.46385777975146,0.625151927836845,0.53371198679483,0.475486021373646,0.464420364012824,0.509647191437626,0.41702882811415,0.25625,0,0,0,0,0,0,0,0,0,1,0,0,0,0,0,0,0,0,0,0,0,0,0,0,0,0,0,1,0,0,0,0,0,0,0,0,1,0,0,0,1,0,0,0,0,0,0,0,0,0,0,0,0,0,0,0,1,0,0,0,0,0,0,0,0,0,0,0,0,0,0
0.417832588461612,0.578479106141134,0.756926348073576,0.612990681623771,0.539726178562877,0.523936831995584,0.597614304667197,0.489009646921826,0.35,0,0,0,0,0,0,0,0,0,1,0,0,0,0,0,0,0,0,0,0,0,0,0,0,0,0,0,1,0,0,0,0,0,0,0,0,0,0,0,0,0,1,0,0,0,0,0,0,0,0,0,0,0,0,0,0,1,0,0,0,0,0,0,0,0,0,0,0,0,0,0
0.441499322860607,0.575714865738195,0.756926348073576,0.660578259075816,0.497821340398864,0.489096806649266,0.597614304667197,0.489009646921826,0.40625,0,0,0,0,0,0,0,0,0,1,0,0,0,0,0,0,0,0,0,0,0,0,0,0,0,0,0,1,0,0,0,0,0,0,0,0,1,0,0,0,1,0,0,0,0,0,0,0,0,0,0,0,0,0,0,0,1,0,0,0,0,0,0,0,0,0,0,0,0,0,0
0.515388101959017,0.65415806866727,0.839274661394309,0.65133894727893,0.563374923428285,0.610367937893074,0.785419070867977,0.625543242171224,0.375,0,0,0,0,0,0,0,0,0,0,0,0,1,0,0,0,0,0,1,0,0,0,0,0,0,0,0,0,0,0,0,0,0,0,1,0,0,0,0,0,0,0,0,0,0,0,0,0,0,0,0,0,0,0,0,0,1,0,0,0,0,0,0,0,0,0,0,0,0,0,0
0.557110117948816,0.688927376917444,0.790759112747555,0.696310623822791,0.55167728436737,0.542326144546641,0.649675243547053,0.571040240720161,0.5625,0,0,0,0,0,0,0,0,0,0,0,0,0,1,0,0,0,0,0,0,0,1,0,0,0,0,0,1,0,0,0,0,0,0,0,1,0,0,0,0,0,0,0,0,0,0,0,0,0,0,0,1,1,0,0,0,0,0,0,0,0,0,0,0,0,0,0,0,0,0,0
0.417832588461612,0.486333049554128,0.768661351037257,0.627645914460848,0.55167728436737,0.485071250072666,0.742932064153952,0.571040240720161,0.25,0,0,0,0,0,0,0,1,0,0,0,0,0,0,0,0,0,0,0,0,0,0,0,1,0,0,0,1,0,0,0,0,0,0,0,0,0,0,0,0,0,0,1,0,0,0,0,1,0,0,0,0,0,0,0,0,1,0,0,0,0,0,0,0,0,0,0,0,0,0,0
0.462669938190046,0.620913432168652,0.773118853830893,0.758786910639328,0.589767824619589,0.485071250072666,0.624187783932359,0.589767824619589,0.1875,1,0,0,0,0,0,0,0,0,0,0,0,0,0,1,0,0,0,0,0,0,0,0,1,0,0,0,0,0,0,0,0,1,0,0,0,0,0,0,0,0,0,1,0,0,0,0,0,0,0,0,0,0,0,0,0,1,0,0,0,0,0,0,0,0,0,0,0,0,0,0
0.441499322860607,0.575714865738195,0.6438411527049,0.348155311911396,0.255376959227625,0.313112145542575,0.82572282384477,0.489009646921826,0.5625,0,0,0,0,0,0,0,0,0,0,0,0,1,0,0,0,0,0,0,0,0,0,0,0,0,0,0,0,1,0,0,0,0,0,0,0,0,1,0,0,0,0,0,0,0,0,0,0,0,0,0,0,1,0,0,0,1,0,0,0,0,0,0,0,0,0,0,0,0,0,0
0.515388101959017,0.691865177399523,0.770906022628446,0.460566186471838,0.361157559257308,0.39605901719067,0.882734829504749,0.55167728436737,0.65625,0,0,0,0,0,0,0,0,0,0,0,0,1,0,0,0,0,0,0,0,0,0,0,0,0,0,0,0,1,0,0,0,0,0,0,0,0,1,0,0,0,0,0,0,0,0,0,0,0,0,0,0,1,0,0,0,1,0,0,0,0,0,0,0,0,0,0,0,0,0,0
0.417832588461612,0.575714865738195,0.64130447918644,0.696310623822791,0.466252404120157,0.523936831995584,0.476731294622796,0.390094748802747,0.21875,0,0,0,0,0,0,0,0,0,0,0,0,1,0,0,0,0,0,0,1,0,0,0,0,0,0,0,0,0,0,0,0,0,0,0,0,0,1,0,0,0,0,0,0,0,0,0,0,0,1,0,0,0,0,0,0,1,0,0,0,0,0,0,0,0,0,0,0,0,0,0
0.391001457937926,0.402757996859771,0.638725875286301,0.674199862463242,0.390094748802747,0.442807442770048,0.674199862463242,0.361157559257308,0.25,0,0,0,0,0,0,0,1,0,0,0,0,0,0,0,0,0,0,0,0,0,0,0,1,0,0,0,1,0,0,0,0,0,0,0,0,0,0,0,0,0,0,1,0,0,0,0,1,0,0,0,0,0,0,0,0,1,0,0,0,0,0,0,0,0,0,0,0,0,0,0
0.557110117948816,0.688927376917444,0.810111572072648,0.65133894727893,0.531609533071195,0.560112033611204,0.720749970156447,0.722315118514615,0.625,0,0,0,0,0,0,0,0,0,0,0,1,0,0,0,0,0,0,0,0,0,0,0,0,0,0,0,1,0,0,0,1,0,0,0,0,0,0,0,0,0,0,0,0,0,1,0,0,0,0,0,0,0,0,0,0,1,0,0,0,0,0,0,0,0,0,0,0,0,0,0
0.462669938190046,0.75952720673023,0.767526786152056,0.758786910639328,0.707106781186547,0.464420364012824,0.540562477617335,0.442325868464691,0.21875,0,0,0,0,0,0,0,1,0,0,0,0,0,0,0,0,0,0,0,0,0,0,0,0,1,0,0,0,0,1,0,0,0,0,0,0,0,0,0,1,0,0,0,0,0,0,0,0,0,0,0,0,0,0,0,0,1,0,0,0,0,0,1,0,0,1,0,0,0,0,0
0.462669938190046,0.622748461312405,0.687456945934773,0.717740562565273,0.489009646921826,0.442807442770048,0.649675243547053,0.531609533071195,0.5625,0,0,0,0,0,0,0,0,0,1,0,0,0,0,0,0,0,0,0,0,1,0,0,0,0,0,0,0,0,0,0,0,0,0,0,0,1,0,0,0,0,0,0,0,0,0,0,0,0,0,0,0,0,0,0,0,1,0,0,0,0,1,0,0,0,0,0,0,0,0,0
0.499304720404712,0.642654632254585,0.646337237701185,0.627645914460848,0.531609533071195,0.594088525786005,0.509647191437626,0.41702882811415,0.09375,0,0,0,0,0,0,0,0,0,1,0,0,0,0,0,0,0,0,0,0,0,0,0,0,0,0,0,0,1,0,0,1,0,0,0,0,0,0,0,0,1,0,0,1,0,0,0,0,0,0,0,0,0,0,0,0,1,1,0,1,0,0,0,0,0,0,0,0,0,0,0
0.53027898742513,0.651952303466329,0.6438411527049,0.717740562565273,0.442325868464691,0.370479286817474,0.476731294622796,0.390094748802747,0.46875,0,0,0,0,0,0,0,0,1,0,0,0,0,0,0,0,0,0,0,0,0,1,0,0,0,0,1,0,0,0,0,0,0,0,0,1,0,0,0,0,0,0,0,0,0,0,0,0,0,0,0,0,0,0,0,0,1,0,0,0,0,1,0,0,0,0,0,0,0,0,0
0.441499322860607,0.622748461312405,0.651212696495925,0.696310623822791,0.466252404120157,0.560112033611204,0.509647191437626,0.466252404120157,0.15625,0,1,0,0,0,0,0,0,0,0,0,0,0,0,0,0,0,0,0,0,0,0,0,0,0,0,0,1,0,0,0,0,0,0,0,0,0,0,1,0,0,0,0,0,0,0,0,0,0,0,0,0,0,0,0,0,1,0,0,0,0,0,0,0,0,0,0,0,0,0,0
0.544142070133146,0.784925295996302,0.813540325129075,0.758786910639328,0.884651736929383,0.442807442770048,0.742932064153952,0.442325868464691,0.4375,0,0,1,0,0,0,0,0,0,0,0,0,0,0,0,0,0,0,0,0,0,0,0,0,0,1,0,0,0,0,0,1,0,0,0,0,0,0,0,0,0,0,0,0,0,1,0,0,0,0,0,0,0,0,0,0,1,0,0,0,0,0,0,0,1,0,0,0,0,0,0
0.899653677735335,0.835206169256366,0.677642264343547,0.522232967867094,0.834057656228299,0.370479286817474,0.441367414752375,0.442325868464691,0.4375,0,0,0,0,0,0,0,0,0,0,1,0,0,0,0,0,0,0,0,0,0,0,0,0,1,0,0,0,0,1,0,0,0,0,0,0,0,0,0,1,0,0,0,0,0,0,0,0,0,0,0,0,0,0,0,0,1,0,0,0,0,0,0,0,0,1,0,0,0,0,0
0.323392408702842,0.507082326337833,0.653594452440485,0.426401432711221,0.466252404120157,0.39605901719067,0.597614304667197,0.489009646921826,0.625,0,0,1,0,0,0,0,0,0,0,0,0,0,0,0,0,0,1,0,0,0,0,0,0,0,0,0,0,0,0,0,0,0,0,0,0,0,0,0,1,0,0,0,0,0,0,0,0,0,0,0,0,0,0,0,0,1,0,0,0,0,0,0,0,0,0,0,0,0,0,0
0.601947467677251,0.774106386364677,0.81183536844171,0.758786910639328,0.607918758874329,0.610367937893074,0.900937462695559,0.531609533071195,0.34375,0,0,0,0,0,0,0,0,1,0,0,0,0,0,0,0,0,0,0,0,0,0,0,1,0,0,0,0,1,0,0,0,0,0,0,0,0,0,0,0,0,0,1,0,0,0,0,1,0,0,0,0,0,0,0,0,1,0,0,0,0,0,0,0,0,0,0,0,0,0,0
0.278555058974408,0.455766548040788,0.648794012634494,0.55048188256318,0.642684586917151,0.442807442770048,0.509647191437626,0.466252404120157,0.21875,0,0,0,0,0,0,0,0,0,0,0,0,1,0,0,0,0,0,0,0,0,0,0,0,1,0,0,0,0,0,0,0,0,0,0,0,0,0,0,0,1,0,0,0,0,0,0,0,0,0,0,0,0,0,0,0,1,0,0,0,0,0,0,0,0,0,0,0,0,0,0
0.462669938190046,0.667017816483676,0.780625552045878,0.696310623822791,0.691564074808125,0.485071250072666,0.56980288229819,0.589767824619589,0.28125,0,0,0,0,0,0,0,0,0,0,0,0,1,0,0,0,0,0,0,0,0,0,0,0,1,0,0,0,0,0,0,0,0,0,0,0,0,0,0,0,1,0,0,0,0,0,0,0,0,0,0,0,0,0,0,0,1,0,0,0,0,0,0,0,0,0,0,0,0,0,0
0.544142070133146,0.678083650451086,0.790759112747555,0.852802865422442,0.480036230516714,0.442807442770048,0.476731294622796,0.691564074808125,0.54375,0,0,0,0,0,0,0,1,0,0,0,0,0,0,0,0,0,0,0,1,0,0,0,0,0,0,0,0,0,0,0,0,0,0,0,0,0,1,0,0,0,0,0,0,0,0,0,0,0,0,0,0,0,0,0,0,1,0,0,0,0,0,0,0,0,0,0,0,0,0,0
0.481821089273723,0.638323913561208,0.932718042018105,0.174077655955698,0.147441956154897,0.990147542976674,0.476731294622796,0.675663924692176,0.3125,0,0,0,0,0,0,0,0,0,0,0,0,1,0,0,0,0,0,0,0,0,0,0,0,0,0,1,0,0,0,0,0,0,0,1,0,0,0,0,0,0,0,0,0,0,0,0,0,0,0,0,0,0,0,0,0,1,0,0,0,0,0,0,0,0,0,0,0,0,0,0
0.462669938190046,0.639578889032823,0.696690527308168,0.577350269189626,0.707106781186547,0.504878164297401,0.80582296402538,0.41702882811415,0.375,0,0,0,0,0,0,0,0,1,0,0,0,0,0,0,0,0,0,0,0,0,0,0,1,0,0,0,0,0,0,0,0,0,0,0,0,0,0,0,0,0,0,1,0,0,0,0,1,0,0,0,0,0,0,0,0,1,0,0,0,0,0,0,0,0,0,0,0,0,0,0
0.515388101959017,0.651393828264331,0.789774869835398,0.7467099554551,0.531609533071195,0.560112033611204,0.649675243547053,0.589767824619589,0.425,0,0,0,0,0,1,0,0,0,0,0,0,0,0,0,0,0,0,0,0,0,0,0,0,0,0,0,0,0,0,0,1,0,0,0,0,0,0,0,0,0,0,0,0,1,0,0,0,0,0,0,0,0,0,0,0,1,0,0,0,0,0,0,0,0,0,0,1,0,0,0
0.544142070133146,0.688927376917444,0.805716859372071,0.870388279778489,0.659380473395787,0.504878164297401,0.597614304667197,0.55167728436737,0.53125,0,0,0,0,0,0,0,1,0,0,0,0,0,0,1,0,0,0,0,0,0,0,0,0,0,0,0,0,0,0,0,0,1,0,0,0,0,0,0,0,0,0,0,0,0,0,0,0,0,0,0,0,0,0,0,0,1,0,0,0,0,0,0,0,0,0,0,0,0,0,0
0.441499322860607,0.502800143614998,0.575472513939036,0.246182981958665,0.489009646921826,0.280056016805602,0.31209389196618,0.294883912309794,0.5,0,0,0,0,0,1,0,0,0,0,0,0,0,0,0,0,0,0,0,0,0,0,0,0,0,0,0,0,0,0,0,1,0,1,0,0,0,0,0,0,0,0,0,0,1,0,0,0,0,0,0,0,0,0,0,0,1,0,0,0,0,0,0,0,0,0,0,1,0,0,0
0.83878051066186,0.847486702643067,0.817722934487532,0.870388279778489,0.586070184252334,0.610367937893074,0.624187783932359,0.659380473395787,0.50625,0,0,0,0,0,0,0,0,0,0,1,0,0,0,0,0,0,0,0,0,0,1,0,0,0,0,0,0,0,0,0,1,0,1,0,0,0,0,0,0,0,0,0,0,1,0,0,0,0,0,0,0,0,1,0,0,1,0,0,0,0,0,0,0,0,0,0,0,0,0,0
0.220749661430304,0.455766548040788,0.651212696495925,0.577350269189626,0.466252404120157,0.464420364012824,0.540562477617335,0.531609533071195,0.34375,0,0,0,0,0,0,0,0,0,1,0,0,0,0,0,0,0,0,0,0,0,0,0,0,0,0,1,0,0,0,0,0,0,0,0,0,1,0,0,0,0,0,0,0,0,0,0,0,0,0,0,0,0,0,0,0,1,0,0,0,0,1,0,0,0,0,0,0,0,0,0
0.441499322860607,0.602842290370225,0.813540325129075,0.887625364598594,0.510753918455249,0.504878164297401,0.785419070867977,0.691564074808125,0.40625,0,0,0,0,0,0,0,0,0,1,0,0,0,0,0,0,0,0,0,0,1,0,0,0,0,0,0,0,0,0,0,0,0,0,0,0,1,0,0,0,0,0,0,0,0,0,0,0,0,1,0,0,0,0,0,0,1,0,0,0,0,0,0,0,0,0,0,0,0,0,0
0.417832588461612,0.6441606101162,0.681642534396316,0.603022689155527,0.55167728436737,0.504878164297401,0.742932064153952,0.571040240720161,0.25,0,0,0,0,0,0,0,0,1,0,0,0,0,0,0,0,0,0,0,0,0,0,0,0,0,0,1,0,0,0,0,0,0,0,0,0,0,0,0,1,0,0,0,0,0,0,0,0,0,0,0,0,0,0,0,0,1,0,0,0,0,0,0,0,0,0,0,0,0,0,0
0.601947467677251,0.698427423838541,0.868076224094515,0.778498944161523,0.625543242171224,0.594088525786005,0.900937462695559,0.607918758874329,0.5625,0,0,0,0,0,0,0,0,0,0,0,0,0,1,0,0,0,0,0,0,1,1,0,0,0,0,0,0,0,0,0,0,0,0,0,0,0,0,0,0,0,1,0,0,0,0,0,0,0,0,0,0,0,0,0,0,1,0,0,0,1,0,0,0,0,0,0,0,0,0,0
0.601947467677251,0.775911083055412,0.892890632056642,0.816496580927726,0.625543242171224,0.644737368631448,1,0.625543242171224,0.8125,0,0,0,0,0,0,0,0,0,0,0,0,1,0,0,0,0,0,0,0,0,0,0,0,0,0,0,0,1,0,0,0,0,0,0,0,0,0,0,0,0,1,0,0,0,0,0,0,0,0,0,0,0,0,0,0,1,0,0,0,1,0,0,0,0,0,0,0,0,0,0
0.441499322860607,0.454073775156816,0.648794012634494,0.544949260913066,0.531609533071195,0.420084025208403,0.564076074817766,0.531609533071195,0.28125,0,0,0,0,0,0,0,0,0,1,0,0,0,0,0,0,0,0,0,0,0,0,0,1,0,0,0,0,0,0,0,0,0,0,0,0,0,0,0,0,1,0,1,0,0,0,0,0,0,0,0,0,0,0,0,0,1,0,1,0,0,0,0,0,0,0,0,0,0,0,0
0.580776852347811,0.754744763503622,0.852368602360145,0.704960776901593,0.659380473395787,0.560112033611204,0.734139659030241,0.659380473395787,0.5,0,0,0,0,0,0,0,0,0,1,0,0,0,0,0,0,0,0,0,0,0,0,0,1,0,0,0,0,0,0,0,0,0,0,0,0,0,0,0,0,1,0,1,0,0,0,0,0,0,0,0,0,0,0,0,0,1,0,1,0,0,0,0,0,0,0,0,0,0,0,0
0.441499322860607,0.572878818911138,0.773118853830893,0.622799155329218,0.502169207581945,0.476918211428497,0.720749970156447,0.531609533071195,0.5,0,0,0,0,0,0,0,0,0,1,0,0,0,0,0,0,0,0,0,0,1,0,0,0,0,0,0,0,0,0,0,0,0,0,0,0,1,0,0,0,0,0,0,0,0,0,1,0,0,0,0,0,0,0,0,0,1,0,0,0,0,0,0,0,0,0,0,0,0,0,0
0.569291726400095,0.729152504412346,0.854990546164465,0.713506068012676,0.582349066095764,0.553066318754972,0.841303873634377,0.607918758874329,0.625,0,0,0,0,0,0,0,0,0,1,0,0,0,0,0,0,0,0,0,0,1,0,0,0,0,0,0,0,0,0,0,0,0,0,0,0,1,0,0,0,0,0,0,0,0,0,1,0,0,0,0,0,0,0,0,0,1,0,0,0,0,0,0,0,0,0,0,0,0,0,0
0.630030533721925,0.741231231314901,0.854339179940086,0.797724035217466,0.659380473395787,0.577350269189626,0.716231117019509,0.600724200625704,0.4875,0,0,0,0,0,0,0,0,0,0,0,0,1,0,0,0,0,0,0,0,0,0,0,0,0,0,0,0,0,0,0,1,0,0,0,0,0,0,0,0,1,0,0,1,0,0,0,0,0,0,0,0,0,0,0,0,0,0,0,0,0,0,0,1,0,0,0,0,0,1,0
0.580776852347811,0.631487657322151,0.776380338143611,0.678679645050638,0.52750437871663,0.577350269189626,0.540562477617335,0.489009646921826,0.5625,0,0,0,0,0,0,0,0,0,1,0,0,0,0,0,0,0,0,0,0,0,0,0,0,0,0,1,0,0,0,0,0,0,0,0,0,1,0,0,0,0,0,0,0,0,0,0,0,1,0,0,0,0,0,1,0,0,0,0,0,0,1,0,0,0,0,0,0,0,0,0
0.391001457937926,0.584841002485848,0.6164018597523,0.426401432711221,0.361157559257308,0.485071250072666,0.483493778415228,0.493435163795169,0.3125,0,0,0,0,0,0,0,0,0,0,0,0,0,1,0,0,0,0,0,0,0,1,0,0,0,0,1,0,0,0,0,0,0,0,0,1,0,0,0,0,0,0,0,0,0,0,0,0,0,0,0,0,0,0,1,0,1,0,0,0,0,0,0,0,0,0,0,0,0,0,0
0.557110117948816,0.656320152465773,0.786784324887607,0.55048188256318,0.466252404120157,0.62622429108515,0.702500173314209,0.646058282469799,0.4375,0,0,0,0,0,0,0,0,0,0,0,0,0,1,0,0,0,0,0,0,0,1,0,0,0,0,1,0,0,0,0,0,0,0,0,1,0,0,0,0,0,0,0,0,0,0,0,0,0,0,0,0,0,0,1,0,1,0,0,0,0,0,0,0,0,0,0,0,0,0,0
0.53027898742513,0.641434712703624,0.767526786152056,0.460566186471838,0.466252404120157,0.464420364012824,0.597614304667197,0.691564074808125,0.53125,0,0,0,0,0,0,0,0,0,0,0,0,0,1,1,0,0,0,0,0,0,1,0,0,0,0,0,0,0,0,0,0,1,0,0,0,0,0,0,0,0,0,0,0,0,0,0,0,0,0,0,0,0,0,0,0,1,0,0,0,0,0,0,0,0,0,1,0,0,0,0
0.481821089273723,0.634796445806215,0.767526786152056,0.738548945875996,0.55167728436737,0.523936831995584,0.624187783932359,0.510753918455249,0.25,1,0,0,0,0,0,0,0,0,0,0,0,0,0,1,0,0,0,0,0,0,0,0,0,0,0,0,1,0,0,0,0,1,0,0,0,0,0,0,0,0,0,0,0,0,0,0,0,0,0,0,0,0,0,0,0,1,0,0,0,0,0,0,0,0,0,1,0,0,0,0
0.499304720404712,0.59133885395754,0.79270916294032,0.592887132188878,0.502169207581945,0.700140042014005,0.702500173314209,0.574834569775249,0.41875,0,0,0,0,0,1,0,0,0,0,0,0,0,0,0,0,0,1,0,0,0,0,0,0,0,0,0,0,0,0,0,1,0,0,0,0,0,0,0,0,0,0,0,0,1,0,0,0,0,0,0,0,0,0,0,0,1,0,0,0,0,0,0,0,0,0,0,0,0,0,1
0.220749661430304,0.251400071807499,0.583083876353921,0.426401432711221,0.255376959227625,0.594088525786005,0.509647191437626,0.294883912309794,0.09375,0,0,0,0,0,0,0,1,0,0,0,0,0,0,0,0,0,0,1,0,0,0,0,0,0,0,1,0,0,0,0,0,0,0,0,0,0,0,0,0,0,1,0,0,0,0,0,0,0,0,0,0,0,0,0,0,1,0,0,0,0,0,0,0,0,0,0,0,0,0,0
0.360027190917508,0.37839481263068,0.773118853830893,0.492365963917331,0.607918758874329,0.464420364012824,0.720749970156447,0.675663924692176,0.25,0,0,0,0,0,0,0,1,0,0,0,0,0,0,0,0,0,0,1,0,0,1,0,0,0,0,0,0,0,0,0,0,0,0,1,1,0,0,0,0,0,0,0,0,0,0,0,0,0,0,0,0,0,0,0,0,1,0,0,0,0,0,0,0,0,0,0,0,0,0,0
0.499304720404712,0.648557781437274,0.775300735329023,0.778498944161523,0.707106781186547,0.523936831995584,0.441367414752375,0.531609533071195,0.1875,0,0,0,0,0,0,0,1,0,0,0,0,0,0,0,0,0,0,0,0,0,0,0,0,0,0,0,0,0,1,0,0,0,0,0,0,0,0,0,1,0,0,0,0,0,0,0,0,0,0,0,0,0,0,0,0,1,0,0,0,0,0,0,0,0,1,0,0,0,0,0
0.220749661430304,0.31557559792095,0.559036064450858,0.426401432711221,0.361157559257308,0.342997170285018,0.441367414752375,0.361157559257308,0.1875,0,0,1,0,0,0,0,0,0,0,0,0,0,0,0,0,0,0,0,0,0,0,0,1,0,0,0,0,0,0,0,0,0,0,0,0,0,0,0,0,0,0,1,0,0,0,0,1,0,0,0,0,0,0,0,0,1,0,0,0,0,0,0,0,0,0,0,0,0,0,0
0.441499322860607,0.609204186714939,0.813540325129075,0.627645914460848,0.510753918455249,0.504878164297401,0.918779540562285,0.642684586917151,0.6875,0,0,0,0,0,0,0,0,0,1,0,0,0,0,0,0,0,0,0,0,0,0,0,0,0,0,0,0,1,0,0,0,0,0,0,0,1,0,0,0,0,0,0,0,0,0,0,0,0,0,0,0,0,0,0,0,1,0,0,0,0,0,0,0,0,0,0,0,0,0,0
0.462669938190046,0.61124502489972,0.813540325129075,0.627645914460848,0.691564074808125,0.610367937893074,0.624187783932359,0.751809411556112,0.40625,0,0,0,0,0,0,0,0,0,1,0,0,0,0,0,1,0,0,0,0,0,0,0,0,0,0,0,0,0,0,0,0,0,0,0,0,1,0,0,0,0,0,0,0,0,0,0,0,0,0,0,0,1,0,0,0,1,0,0,0,0,0,0,0,0,0,0,0,0,0,0
0.323392408702842,0.332406025641368,0.685542787145387,0.717740562565273,0.427327386967152,0.485071250072666,0.742932064153952,0.427327386967152,0.56875,0,0,0,0,0,0,0,0,0,0,0,0,0,1,0,1,0,0,0,0,0,1,0,0,0,0,0,0,0,0,0,0,0,0,0,1,0,0,0,0,0,0,0,0,0,0,0,0,0,0,0,0,0,0,0,0,1,0,0,0,0,0,0,0,0,0,0,0,0,0,0
0.323392408702842,0.427121181088862,0.744236266921063,0.660578259075816,0.456832192576129,0.433860915637312,0.683763458757828,0.456832192576129,0.3,0,0,1,0,0,0,0,0,0,0,0,0,0,0,0,0,0,0,0,0,0,0,0,0,0,0,0,0,1,0,0,0,0,0,0,0,0,0,0,0,0,1,0,0,0,0,0,0,0,0,0,0,0,0,0,1,0,0,0,0,0,0,0,0,0,0,0,0,0,0,0
0.360027190917508,0.466933522973222,0.633437165960904,0.627645914460848,0.625543242171224,0.442807442770048,0.476731294622796,0.390094748802747,0.09375,0,0,1,0,0,0,0,0,0,0,0,0,0,0,1,0,0,0,0,0,0,0,0,0,0,0,0,0,0,0,0,0,1,0,0,0,0,0,0,0,0,0,0,0,0,0,0,0,0,0,0,0,0,0,0,0,1,0,0,0,0,0,0,0,0,1,0,0,0,0,0
0.391001457937926,0.639578889032823,0.610283350682661,0.492365963917331,0.41702882811415,0.39605901719067,0.674199862463242,0.41702882811415,0.125,0,0,0,0,0,0,0,0,0,0,1,0,0,0,0,0,0,0,0,0,1,0,0,0,0,0,0,0,0,0,0,0,0,0,0,0,0,0,1,0,0,0,0,0,0,0,0,0,0,0,0,0,0,0,0,0,1,0,0,0,0,0,0,0,0,0,0,0,0,0,0
0.360027190917508,0.427121181088862,0.76290416693308,0.577350269189626,0.607918758874329,0.464420364012824,0.649675243547053,0.607918758874329,0.21875,1,0,0,0,0,0,0,0,0,0,0,0,0,0,0,0,0,0,0,0,0,0,0,0,0,0,0,0,0,1,0,1,0,0,0,0,0,0,0,0,0,0,0,1,0,1,0,0,0,0,0,0,0,0,0,0,1,0,0,0,0,0,0,0,0,0,0,0,0,0,0
0.611751119368229,0.840285301969716,0.794635137823943,0.492365963917331,0.55167728436737,0.504878164297401,0.720749970156447,0.780189497605494,0.4375,0,0,0,0,0,0,0,0,0,0,0,0,0,1,0,0,0,0,0,0,0,1,0,0,0,0,0,0,0,0,0,1,0,0,0,0,0,0,0,0,0,0,0,1,0,0,0,0,0,0,0,0,0,0,0,0,1,0,0,0,0,0,0,0,0,0,0,1,0,0,1
0.360027190917508,0.511202878144493,0.653594452440485,0.603022689155527,0.361157559257308,0.420084025208403,0.720749970156447,0.466252404120157,0.40625,0,0,0,0,0,0,0,0,0,1,0,0,0,0,0,1,0,0,0,0,1,0,0,0,0,0,0,0,0,0,0,0,0,0,0,0,1,0,0,0,0,0,0,0,0,0,0,0,0,0,0,0,0,0,0,0,1,0,0,0,0,0,0,0,0,0,0,0,0,0,0
0.53027898742513,0.639578889032823,0.805716859372071,0.738548945875996,0.466252404120157,0.542326144546641,0.845154254728517,0.589767824619589,0.59375,0,0,0,0,0,0,0,0,0,1,0,0,0,0,0,1,0,0,0,0,1,0,0,0,0,0,0,0,0,0,0,0,0,0,0,0,1,0,0,0,0,0,0,0,0,0,0,0,0,0,0,0,0,0,0,0,1,0,0,0,0,0,0,0,0,0,0,0,0,0,0
0.360027190917508,0.631487657322151,0.810111572072648,0.696310623822791,0.625543242171224,0.577350269189626,0.82572282384477,0.642684586917151,0.375,0,0,0,0,0,0,0,0,1,0,0,0,0,0,0,0,0,0,0,0,0,0,0,0,0,0,1,0,0,0,0,0,0,0,0,0,0,0,0,1,0,0,0,0,0,0,0,0,0,0,0,0,0,0,0,0,1,0,0,0,0,0,0,0,0,0,0,0,0,0,0
0.53027898742513,0.71711367522976,0.794635137823943,0.758786910639328,0.519196703948806,0.535046268844033,0.742932064153952,0.531609533071195,0.53125,0,0,0,0,0,0,0,0,0,1,0,0,0,0,0,0,0,0,0,0,0,0,0,0,0,0,1,0,0,0,0,0,0,0,0,0,1,0,0,0,0,0,0,0,0,0,0,0,1,0,0,0,0,1,0,0,1,0,0,0,0,0,0,0,0,0,0,0,0,0,0
0.53027898742513,0.67406423960945,0.790759112747555,0.758786910639328,0.642684586917151,0.442807442770048,0.476731294622796,0.691564074808125,0.4375,0,0,0,0,0,0,0,0,0,0,0,0,1,0,0,0,0,0,0,1,0,0,0,0,0,0,0,0,0,0,0,0,0,0,0,0,0,1,0,0,0,0,0,0,0,0,0,0,0,0,0,0,0,1,0,0,1,0,0,0,0,0,0,0,0,0,0,0,0,0,0
0.360027190917508,0.596086630835568,0.66716839988994,0.617914380653325,0.40108548367822,0.420084025208403,0.649675243547053,0.489009646921826,0.59375,0,0,0,0,0,0,0,1,0,0,0,0,0,0,0,0,0,1,0,0,0,0,0,0,0,0,0,0,0,0,0,0,0,0,0,0,0,0,0,0,0,1,0,0,0,0,0,0,0,0,0,0,0,0,0,0,1,0,0,0,0,0,0,0,0,0,0,0,0,0,0
0.499304720404712,0.723516070297751,0.803019351514881,0.696310623822791,0.675663924692176,0.610367937893074,0.509647191437626,0.55167728436737,0.625,0,0,0,0,0,0,0,0,0,0,0,0,1,0,0,0,0,0,0,0,0,0,0,0,0,0,1,0,0,0,0,0,0,0,0,0,1,0,0,0,0,0,0,0,0,0,0,0,0,0,0,0,0,0,0,0,1,0,0,0,0,0,0,0,0,0,0,0,1,0,0
0.544142070133146,0.671299999206511,1,0.246182981958665,0.208514414057075,1,0.697863157798853,0.766130877682874,0.34375,0,0,0,0,0,0,0,1,0,0,0,0,0,0,0,0,0,0,0,0,0,0,0,0,0,0,1,0,0,0,0,0,0,0,1,0,0,0,0,0,0,0,0,0,0,0,0,0,0,0,0,0,0,0,0,0,1,0,0,0,0,0,0,0,0,0,0,0,0,0,0
0.591640849513145,0.817155821984987,0.868076224094515,0.717740562565273,0.571040240720161,0.594088525786005,0.864148856825748,0.659380473395787,0.71875,0,0,0,0,0,0,0,0,0,1,0,0,0,0,0,0,0,1,0,0,0,0,0,0,0,0,0,0,0,0,0,0,0,0,0,0,0,0,0,0,0,1,0,0,0,0,0,0,0,0,0,0,0,0,0,0,1,0,0,0,1,0,0,0,0,0,0,0,0,0,0
0.611751119368229,0.828781865557031,0.868076224094515,0.834847109936722,0.607918758874329,0.671550736844851,0.764470787156438,0.571040240720161,0.625,0,0,0,0,0,0,0,0,0,1,0,0,0,0,0,0,0,0,0,0,1,0,0,0,0,0,0,0,0,0,0,0,0,0,0,0,0,0,0,0,0,1,0,0,0,0,0,0,0,0,0,0,0,0,0,0,1,0,0,0,1,0,0,0,0,0,0,0,0,0,0
0.601947467677251,0.822541214826039,0.868076224094515,0.674199862463242,0.707106781186547,0.62622429108515,0.764470787156438,0.707106781186547,0.53125,0,0,0,0,0,0,0,0,0,1,0,0,0,0,0,0,0,0,0,0,0,0,0,0,0,0,0,0,0,0,0,1,0,0,0,0,0,0,0,0,0,1,0,0,0,0,0,0,0,0,0,0,0,0,0,0,0,0,0,0,1,0,0,0,0,0,0,0,0,0,1
0.360027190917508,0.718333594780721,0.638725875286301,0.622799155329218,0.466252404120157,0.442807442770048,0.540562477617335,0.466252404120157,0.25625,0,0,0,0,0,0,0,0,0,0,0,0,1,0,0,0,0,0,0,0,0,0,0,0,1,0,0,0,0,1,0,0,0,0,0,0,0,0,0,0,1,0,0,0,0,0,0,0,0,1,0,0,0,0,0,0,0,0,0,0,0,0,1,0,0,0,0,0,0,0,0
0.360027190917508,0.427121181088862,0.873364933419912,0.778498944161523,0.659380473395787,0.62622429108515,0.80582296402538,0.659380473395787,0.625,0,0,0,0,0,0,0,1,0,0,0,0,0,0,0,0,0,0,0,0,0,0,0,1,0,0,0,0,1,0,0,0,0,0,0,0,0,0,0,0,0,1,0,0,0,0,0,0,0,0,0,0,0,0,0,0,1,0,0,0,0,0,0,0,0,0,0,0,0,0,0
0.441499322860607,0.586881840670629,0.773118853830893,0.627645914460848,0.442325868464691,0.442807442770048,0.742932064153952,0.531609533071195,0.59375,0,0,0,0,0,0,0,0,0,0,0,0,1,0,0,0,0,0,0,0,0,0,0,1,0,0,0,0,0,0,0,0,0,1,0,0,0,0,0,0,1,0,0,0,0,0,0,0,0,0,0,0,0,0,0,0,1,0,1,0,0,0,0,0,0,0,0,0,0,0,0
0.278555058974408,0.351442218562726,0.6438411527049,0.603022689155527,0.41702882811415,0.420084025208403,0.674199862463242,0.466252404120157,0.28125,0,0,0,0,0,0,0,0,1,0,0,0,0,0,0,0,0,0,0,0,1,0,0,0,0,0,0,0,0,0,0,0,0,0,0,0,1,0,0,0,0,0,0,0,0,0,1,0,0,0,0,0,0,0,0,0,1,0,0,0,0,0,0,0,0,0,0,0,0,0,0
0.391001457937926,0.615215704803732,0.773118853830893,0.717740562565273,0.55167728436737,0.523936831995584,0.624187783932359,0.55167728436737,0.3125,0,0,0,0,0,0,0,0,0,0,0,0,1,0,0,0,0,0,0,0,0,0,0,0,1,0,0,0,0,0,0,1,0,0,0,0,0,0,0,0,1,0,0,1,0,0,0,0,0,0,0,0,0,0,0,0,1,0,0,0,0,0,0,0,0,0,0,0,0,1,0
0.278555058974408,0.563899926506687,0.603915038542676,0.426401432711221,0.422209509089051,0.386030578896462,0.441367414752375,0.422209509089051,0.375,0,0,0,0,0,0,0,0,0,1,0,0,0,0,0,0,0,0,0,0,0,0,0,0,0,0,1,0,0,0,0,0,0,0,0,0,1,0,0,0,0,0,0,0,0,0,0,0,0,0,0,0,0,0,0,0,1,0,0,0,0,0,0,0,0,0,0,0,0,0,0
0.323392408702842,0.631487657322151,0.77851738504333,0.65133894727893,0.514992612863862,0.553066318754972,0.56980288229819,0.514992612863862,0.625,0,0,0,0,0,0,0,0,0,1,0,0,0,0,0,0,0,0,0,0,0,0,0,0,0,0,1,0,0,0,0,0,0,0,0,0,1,0,0,0,0,0,0,0,0,0,0,0,0,0,0,0,0,0,0,0,1,0,0,0,0,0,0,0,0,0,0,0,0,0,0
0.323392408702842,0.355724401285561,0.59034109109322,0.426401432711221,0.361157559257308,0.39605901719067,0.509647191437626,0.466252404120157,0.1875,1,0,0,0,0,0,0,0,0,0,0,0,0,0,0,0,0,0,0,0,0,0,0,1,0,0,0,0,0,0,0,1,0,0,0,0,0,0,0,0,0,0,1,1,0,0,0,0,0,0,0,0,0,0,0,0,1,0,0,1,0,0,0,0,0,0,0,1,0,0,0
0.499304720404712,0.631487657322151,0.745552747173358,0.55048188256318,0.466252404120157,0.485071250072666,0.624187783932359,0.55167728436737,0.3125,0,0,0,0,0,0,0,1,0,0,0,0,0,0,0,0,0,0,0,0,0,0,0,1,0,0,0,0,0,0,0,1,0,0,0,0,0,0,0,0,0,0,1,1,0,0,0,0,0,0,0,0,0,0,0,0,1,0,0,1,0,0,0,0,0,0,0,1,0,0,0
0.462669938190046,0.615215704803732,0.745552747173358,0.65133894727893,0.41702882811415,0.523936831995584,0.624187783932359,0.41702882811415,0.375,0,0,0,0,0,0,0,1,0,0,0,0,0,0,0,1,0,0,0,0,0,0,0,1,0,0,0,0,0,0,0,0,0,0,0,0,1,0,0,0,0,0,1,0,0,0,0,1,0,0,0,0,0,0,0,0,1,0,0,0,0,0,0,0,0,0,0,0,0,0,0
0.515388101959017,0.697697108982188,0.838554096676287,0.778498944161523,0.510753918455249,0.594088525786005,0.764470787156438,0.510753918455249,0.5,0,0,0,0,0,0,0,1,0,0,0,0,0,0,0,1,0,0,0,0,0,0,0,1,0,0,0,0,0,0,0,0,0,0,0,0,1,0,0,0,0,0,1,0,0,0,0,1,0,0,0,0,0,0,0,0,1,0,0,0,0,0,0,0,0,0,0,0,0,0,0
0.220749661430304,0.342338475757093,0.622289425798123,0.577350269189626,0.361157559257308,0.39605901719067,0.441367414752375,0.361157559257308,0.53125,0,0,0,0,0,0,0,0,0,0,0,0,0,1,0,0,0,0,0,0,0,1,0,0,0,0,1,0,0,0,0,0,0,0,0,1,0,0,0,0,0,0,0,0,0,0,0,0,0,1,0,0,0,0,0,0,1,0,0,0,0,0,0,0,0,0,0,0,0,0,0
0.391001457937926,0.577381793749532,0.782705609316542,0.717740562565273,0.510753918455249,0.485071250072666,0.56980288229819,0.466252404120157,0.78125,0,0,0,0,0,0,0,0,0,0,0,0,0,1,0,0,0,0,0,0,0,1,0,0,0,0,1,0,0,0,0,0,0,0,0,1,0,0,0,0,0,0,0,0,0,0,0,0,0,1,0,0,0,0,0,0,1,0,0,0,0,0,0,0,0,0,0,0,0,0,0
0.278555058974408,0.457433476052125,0.575472513939036,0.389249472080761,0.329690236697893,0.331366747831806,0.540562477617335,0.390094748802747,0.25,0,0,0,0,0,0,0,1,0,0,0,0,0,0,0,0,0,0,1,0,0,0,0,0,0,0,0,0,1,0,0,0,0,0,0,0,0,0,1,0,0,0,0,0,0,0,0,0,0,0,0,0,0,0,0,0,1,0,0,0,0,0,0,0,0,0,0,0,0,0,0
0.557110117948816,0.674970316709436,0.85037281414914,0.627645914460848,0.531609533071195,0.516397779494322,0.900937462695559,0.707106781186547,0.5,0,0,0,0,0,0,0,1,0,0,0,0,0,0,0,0,0,0,1,0,0,0,0,0,0,0,0,0,1,0,0,0,0,0,0,0,0,0,1,0,0,0,0,0,0,0,0,0,0,0,0,0,0,0,0,0,1,0,0,0,0,0,0,0,0,0,0,0,0,0,0
0.601947467677251,0.783264706359118,0.86260190857935,0.984731927834662,0.659380473395787,0.76696498884737,0.785419070867977,0.531609533071195,0.625,0,0,0,0,0,0,0,1,0,0,0,0,0,0,0,0,0,0,0,0,0,0,0,0,0,0,1,0,0,0,0,0,0,0,0,0,1,0,0,0,0,0,0,0,0,0,0,0,0,0,0,0,0,0,0,0,1,0,0,0,0,0,0,0,0,0,0,0,0,0,0
0.323392408702842,0.437527305109945,0.619373415961209,0.522232967867094,0.625543242171224,0.348666929104239,0.441367414752375,0.361157559257308,0.25,1,0,0,0,0,0,0,0,0,0,0,0,0,0,1,0,0,0,0,0,0,0,0,0,1,0,0,0,0,0,0,0,1,0,0,0,0,0,0,0,0,0,0,0,0,0,0,0,0,0,0,0,0,0,0,0,1,0,0,0,0,1,0,0,0,0,0,0,0,0,0
0.417832588461612,0.522706314557178,0.791737184817201,0.738548945875996,0.442325868464691,0.489096806649266,0.56980288229819,0.466252404120157,1,0,0,0,0,1,0,0,0,0,0,0,0,0,0,1,0,0,0,0,0,0,1,0,0,0,0,0,0,0,0,0,0,1,0,0,0,0,0,0,0,0,0,0,0,0,0,0,0,0,0,0,1,0,0,0,0,1,0,0,0,0,0,0,0,0,0,0,0,0,0,0
0.417832588461612,0.271306242749679,0.689347902227782,0.738548945875996,0.442325868464691,0.062622429108515,0.441367414752375,0.361157559257308,0.25,0,0,0,1,0,0,0,0,0,0,0,0,0,0,1,0,0,0,0,0,0,0,1,0,0,0,0,0,0,0,0,0,0,0,0,0,0,0,0,1,0,0,0,0,0,0,0,0,0,0,0,0,0,0,0,0,1,0,0,0,0,0,0,0,0,0,0,0,0,0,0
0.360027190917508,0.556144122598814,0.603915038542676,0.555959449142569,0.316227766016838,0.50097943286812,0.575472702366351,0.316227766016838,0.175,0,0,0,0,0,0,0,0,0,0,0,0,1,0,0,0,0,0,0,0,0,0,0,0,0,0,1,0,0,0,0,0,0,0,0,0,1,0,0,0,1,0,0,0,0,0,0,0,0,0,0,0,0,0,0,0,1,0,0,0,0,0,0,0,0,0,0,0,0,0,0
0.544142070133146,0.735164022501139,0.842124091919002,0.742640661097379,0.523367025593188,0.638625976025797,0.768706114785807,0.563374923428285,0.425,0,0,0,0,0,0,0,0,0,0,0,0,1,0,0,0,0,0,0,0,0,0,0,0,0,0,1,0,0,0,0,0,0,0,0,0,1,0,0,0,1,0,0,0,0,0,0,0,0,0,0,0,0,0,0,0,1,0,0,0,0,0,0,0,0,0,0,0,0,0,0
0.139277529487204,0.327079034333635,0.567470658243671,0.348155311911396,0.41702882811415,0.442807442770048,0.360374985078224,0.41702882811415,0.125,0,0,0,0,0,0,0,0,1,0,0,0,0,0,0,0,0,0,1,0,0,0,0,0,0,0,1,0,0,0,0,0,0,0,0,0,0,0,0,0,0,1,0,0,0,0,0,0,0,0,0,0,0,0,0,0,1,0,0,0,0,0,0,0,0,0,0,0,1,0,0
0.278555058974408,0.698427423838541,0.653594452440485,0.65133894727893,0.659380473395787,0.442807442770048,0.509647191437626,0.41702882811415,0.1875,0,0,0,0,0,0,0,0,0,1,0,0,0,0,0,0,0,0,0,0,0,0,0,0,0,0,0,0,0,1,1,0,0,0,0,0,0,0,0,0,1,0,0,0,0,0,0,0,0,0,0,0,0,0,0,0,1,0,0,0,0,0,0,0,0,1,0,0,0,0,0
0.441499322860607,0.774106386364677,0.782705609316542,0.738548945875996,0.780189497605494,0.485071250072666,0.56980288229819,0.466252404120157,0.25,0,0,0,0,0,0,0,0,0,1,0,0,0,0,0,0,0,0,0,0,0,0,0,0,0,0,0,0,0,1,1,0,0,0,0,0,0,0,0,0,1,0,0,0,0,0,0,0,0,0,0,0,0,0,0,0,1,0,0,0,0,0,0,0,0,1,0,0,0,0,0
0.220749661430304,0.327079034333635,0.770906022628446,0.603022689155527,0.442325868464691,0.442807442770048,0.80582296402538,0.589767824619589,0.40625,0,0,0,0,0,0,0,1,0,0,0,0,0,0,0,0,0,0,0,0,0,0,0,1,0,0,0,1,0,0,0,0,0,0,1,0,0,0,0,0,0,0,1,0,0,0,0,0,0,0,0,0,0,0,0,0,1,0,0,0,0,0,0,0,0,0,0,0,0,0,0
0.278555058974408,0.506027422827687,0.638725875286301,0.51049589675732,0.480036230516714,0.523936831995584,0.528413454806725,0.480036230516714,0.25,0,1,0,0,0,0,0,0,0,0,0,0,0,0,0,0,0,0,0,0,0,0,0,0,0,0,0,1,0,0,0,0,0,0,0,0,0,0,1,0,0,0,0,0,0,0,0,0,0,0,0,0,0,0,0,0,1,0,0,0,0,0,0,0,0,0,0,0,0,0,0
0.569291726400095,0.729837031193406,0.794635137823943,0.665149789464179,0.600724200625704,0.62622429108515,0.688495442269572,0.600724200625704,0.34375,0,1,0,0,0,0,0,0,0,0,0,0,0,0,0,0,0,0,0,0,0,0,0,0,0,0,0,1,0,0,0,0,0,0,0,0,0,0,1,0,0,0,0,0,0,0,0,0,0,0,0,0,0,0,0,0,1,0,0,0,0,0,0,0,0,0,0,0,0,0,0
0.417832588461612,0.582761288863969,0.64130447918644,0.738548945875996,0.294883912309794,0.420084025208403,0.649675243547053,0.294883912309794,0.40625,0,0,0,0,0,1,0,0,0,0,0,0,0,0,0,1,0,0,0,0,0,0,0,0,0,0,0,0,0,0,0,1,0,0,0,0,0,0,0,0,0,0,0,0,1,0,0,0,0,0,0,0,0,0,0,0,1,0,0,0,0,0,0,0,0,0,0,0,0,0,0
0.391001457937926,0.598385277083314,0.64130447918644,0.603022689155527,0.41702882811415,0.485071250072666,0.649675243547053,0.442325868464691,0.21875,0,0,0,0,0,0,0,0,0,1,0,0,0,0,0,0,0,0,0,0,1,0,0,0,1,0,0,0,0,0,0,0,0,0,0,0,1,0,0,0,0,0,0,0,0,0,0,0,0,0,0,0,0,0,0,0,1,1,0,1,0,0,0,0,0,0,0,0,0,0,0
0.591640849513145,0.840285301969716,0.79270916294032,0.778498944161523,0.55167728436737,0.523936831995584,0.82572282384477,0.571040240720161,0.25,0,0,0,0,0,0,0,0,0,1,0,0,0,0,0,0,0,0,0,0,1,0,0,0,1,0,0,0,0,0,0,0,0,0,0,0,1,0,0,0,0,0,0,0,0,0,0,0,0,0,0,0,0,0,0,0,1,0,0,0,0,0,0,0,0,0,0,0,0,0,0
0.481821089273723,0.427121181088862,0.754469573140267,0.603022689155527,0.510753918455249,0.485071250072666,0.624187783932359,0.510753918455249,0.375,0,0,0,0,0,0,0,0,0,0,0,0,1,0,0,0,0,0,0,0,0,0,0,0,0,0,1,0,0,0,0,0,0,0,0,0,1,1,0,0,0,0,0,0,0,0,0,0,0,0,0,0,0,0,0,0,1,0,0,1,0,0,0,0,0,0,0,0,0,0,0
0.601947467677251,0.732533011722952,0.851040917885912,0.778498944161523,0.589767824619589,0.560112033611204,0.720749970156447,0.589767824619589,0.625,0,0,0,0,0,0,0,0,0,0,0,0,0,1,0,0,1,0,0,0,0,0,0,0,1,0,0,0,0,0,0,0,1,0,0,0,0,0,0,0,0,0,0,0,0,0,0,0,0,0,0,0,0,0,0,1,0,0,0,0,0,0,0,0,0,0,0,0,0,0,0
0.499304720404712,0.801342938106178,0.78577459978263,0.758786910639328,0.607918758874329,0.523936831995584,0.597614304667197,0.531609533071195,0.4375,0,0,1,0,0,0,0,0,0,0,0,0,0,0,0,0,0,0,0,0,0,0,0,0,0,0,0,0,1,1,0,0,0,0,0,0,0,0,0,1,0,0,0,0,0,0,0,0,0,0,0,0,0,0,0,1,0,0,0,0,0,0,0,0,0,0,0,0,0,0,0
0.278555058974408,0.321478747103639,0.633437165960904,0.539359889970594,0.432384691841802,0.442807442770048,0.546535725000021,0.422209509089051,0.375,0,0,0,0,0,1,0,0,0,0,0,0,0,0,0,0,0,0,0,0,0,0,0,0,1,0,0,0,0,0,0,1,0,0,0,0,0,0,0,0,0,0,0,0,1,0,0,0,0,0,1,0,0,0,0,0,1,1,0,0,0,0,0,0,0,0,0,0,0,0,0
0.360027190917508,0.518059585038456,0.6438411527049,0.696310623822791,0.531609533071195,0.410642729121547,0.56980288229819,0.390094748802747,0.21875,1,0,0,0,0,0,0,0,0,0,0,0,0,0,0,0,0,0,0,0,0,0,0,0,0,0,0,0,0,0,0,1,0,0,0,0,0,0,0,0,0,0,0,1,0,1,0,0,0,0,0,0,0,0,0,0,1,0,0,0,0,0,0,0,1,0,0,0,0,0,0
0.462669938190046,0.597471617660055,0.66498651839181,0.498482545817653,0.578604017178979,0.508747019069168,0.629367854361737,0.615029161556765,0.14375,0,0,0,1,0,0,0,0,0,0,0,0,0,0,0,0,0,0,0,0,0,0,0,1,0,0,0,0,0,1,0,0,0,0,0,0,0,0,0,0,0,0,0,0,0,1,0,0,0,0,0,0,0,0,0,0,1,0,0,0,0,0,0,0,0,0,0,0,0,0,0
0.391001457937926,0.527163327844089,0.66498651839181,0.758786910639328,0.466252404120157,0.420084025208403,0.509647191437626,0.466252404120157,0.46875,1,0,0,0,0,0,0,0,0,0,0,0,0,0,1,0,0,0,0,0,0,0,0,0,0,0,0,0,0,1,0,0,0,0,0,0,0,0,0,0,0,0,0,0,0,1,0,0,0,0,0,0,0,0,0,0,1,0,0,0,0,0,0,0,0,0,0,1,0,0,0
0.360027190917508,0.469924988565222,0.575472513939036,0.301511344577764,0.294883912309794,0.280056016805602,0.254823595718813,0.489009646921826,0.5,0,0,0,0,0,1,0,0,0,0,0,0,0,0,0,0,0,0,0,0,0,0,0,0,0,0,0,0,0,0,0,1,0,1,0,0,0,0,0,0,0,0,0,1,0,0,0,0,0,0,0,0,0,0,0,0,1,1,0,0,0,0,0,0,0,0,0,1,0,0,0
0.220749661430304,0.227036887578408,0.77851738504333,0.65133894727893,0.55167728436737,0.523936831995584,0.674199862463242,0.55167728436737,0.4375,0,0,1,0,0,0,0,0,0,0,0,0,0,0,0,0,0,0,0,0,0,0,0,0,0,0,1,0,0,0,0,0,0,0,1,0,0,0,1,0,0,0,0,0,0,0,0,0,0,0,0,0,0,0,0,0,1,0,0,0,0,0,0,0,0,0,0,0,0,0,0
0.360027190917508,0.342338475757093,0.636103931481981,0.674199862463242,0.390094748802747,0.415390201627149,0.639602149066831,0.3787852437326,0.28125,0,0,1,0,0,0,0,0,0,0,0,0,0,0,0,0,0,0,0,0,0,0,1,0,0,0,0,0,0,0,0,0,0,0,0,0,0,0,1,0,0,0,0,0,0,0,0,0,1,0,0,0,0,0,0,0,1,0,0,0,0,0,0,0,0,0,0,0,0,0,0
0.481821089273723,0.527163327844089,0.790759112747555,0.834847109936722,0.531609533071195,0.50097943286812,0.734139659030241,0.523367025593188,0.40625,0,0,0,0,0,0,0,0,0,0,0,0,1,0,0,0,0,0,0,0,0,0,1,0,0,0,0,0,0,0,0,0,0,0,0,0,0,0,1,0,0,0,0,0,0,0,0,0,1,0,0,0,0,0,0,0,1,0,0,0,0,0,0,0,0,0,0,0,0,0,0
0.601947467677251,0.754200215422497,0.79270916294032,0.641966675241957,0.600724200625704,0.623085302440723,0.683763458757828,0.615029161556765,0.31875,0,0,0,0,0,0,0,0,0,1,0,0,0,0,0,0,0,0,0,0,0,1,0,1,0,0,0,0,0,0,0,0,0,0,0,0,0,0,0,0,1,0,1,0,0,0,0,1,0,0,0,0,0,0,0,0,1,0,0,0,0,0,0,0,0,0,0,0,0,0,0
0.481821089273723,0.739745743584516,0.775300735329023,0.603022689155527,0.55167728436737,0.594088525786005,0.697863157798853,0.55167728436737,0.28125,0,0,0,0,0,1,0,0,0,0,0,0,0,0,0,0,0,0,0,0,0,0,0,0,0,1,0,0,0,0,0,1,0,0,0,0,1,0,0,0,0,0,0,1,0,0,0,0,0,0,0,0,0,0,0,0,1,1,0,0,0,0,0,0,0,0,0,0,1,0,0
0.278555058974408,0.683848244204094,0.660529015598175,0.622799155329218,0.607918758874329,0.370479286817474,0.693195124419871,0.489009646921826,0.2,0,0,1,0,0,0,0,0,0,0,0,0,0,0,0,0,0,0,0,0,0,0,0,0,0,0,0,0,0,0,0,1,0,0,0,0,0,0,0,0,0,0,0,1,0,0,0,0,0,0,0,0,0,0,0,0,1,0,0,0,0,0,0,0,1,0,0,0,0,0,0
0.360027190917508,0.487595279380347,0.741569501399986,0.426401432711221,0.489009646921826,0.410642729121547,0.509647191437626,0.531609533071195,0.60625,0,0,0,0,0,1,0,0,0,0,0,0,0,0,0,0,0,0,0,0,0,0,0,0,0,0,0,0,0,0,0,1,0,0,0,0,0,0,0,0,0,0,0,0,1,0,0,0,0,0,1,0,0,0,0,0,0,0,0,0,0,0,0,0,0,0,0,1,0,0,0
0.360027190917508,0.748829542712326,0.638725875286301,0.577350269189626,0.589767824619589,0.39605901719067,0.476731294622796,0.510753918455249,0.1875,0,0,0,1,0,0,0,0,0,0,0,0,0,0,0,0,0,0,0,0,0,0,0,0,0,0,0,0,1,0,1,0,0,0,0,0,0,0,0,1,0,0,0,0,0,0,0,0,0,0,0,0,0,0,0,0,1,0,0,0,0,0,0,0,0,0,0,0,0,0,0
0.499304720404712,0.831235489352355,0.77851738504333,0.674199862463242,0.659380473395787,0.485071250072666,0.597614304667197,0.589767824619589,0.3125,0,1,0,0,0,0,0,0,0,0,0,0,0,0,0,0,0,0,0,0,0,0,0,0,0,0,0,0,1,0,1,0,0,0,0,0,0,0,0,1,0,0,0,0,0,0,0,0,0,0,0,0,0,0,0,0,1,0,0,0,0,0,0,0,0,0,0,0,0,0,0
0.557110117948816,0.940327448724943,0.873364933419912,0.904534033733291,0.751809411556112,0.560112033611204,0.785419070867977,0.625543242171224,0.4375,0,0,0,0,0,0,1,0,0,0,0,0,0,0,0,0,0,0,0,0,0,0,0,0,0,0,0,0,1,0,1,0,0,0,0,0,0,0,0,1,0,0,0,0,0,0,0,0,0,0,0,0,0,0,0,0,1,0,0,0,0,0,0,0,0,0,0,0,0,0,0
0.569291726400095,0.845138619372091,0.868076224094515,0.778498944161523,0.932504808240314,0.560112033611204,0.56980288229819,0.659380473395787,0.3125,0,0,0,0,0,0,0,1,0,0,0,0,0,0,0,0,0,0,0,0,0,0,0,0,0,0,0,0,0,1,0,0,0,0,0,0,0,0,0,0,0,1,0,0,0,0,0,0,0,0,0,0,0,0,0,0,1,0,0,0,0,0,0,0,0,1,0,0,0,0,0
0.591640849513145,0.832575158478179,0.868076224094515,0.674199862463242,0.807572853087248,0.560112033611204,0.697863157798853,0.807572853087248,0.3125,0,0,0,0,0,0,0,1,0,0,0,0,0,0,0,0,0,0,0,0,0,0,0,0,0,0,0,0,0,0,1,0,0,0,0,0,0,0,0,0,0,1,0,0,0,0,0,0,0,0,0,0,0,0,0,0,1,0,0,0,0,0,0,0,0,0,0,0,0,0,0
0.601947467677251,0.698427423838541,0.873364933419912,0.738548945875996,0.589767824619589,0.560112033611204,0.918779540562285,0.691564074808125,0.6875,0,0,0,0,0,0,0,0,0,0,0,0,0,1,0,0,1,0,0,0,0,0,0,0,0,0,0,0,1,0,0,0,0,0,0,0,0,0,0,0,0,1,0,0,0,0,0,0,0,0,0,0,0,0,0,1,0,0,0,0,0,0,0,0,0,0,0,0,0,0,0
0.76489173156345,0.891601080266761,0.890837944755625,0.778498944161523,0.625543242171224,0.62622429108515,0.986927542439653,0.780189497605494,0.5625,0,0,0,0,0,1,0,0,0,0,0,0,0,0,0,0,0,0,0,0,0,0,0,0,0,0,0,0,0,0,0,1,0,0,0,0,0,0,0,0,0,1,0,0,0,0,0,0,0,0,0,0,0,0,0,0,1,0,0,0,0,0,0,0,0,0,0,0,0,0,0
0.481821089273723,0.750874628467142,0.773118853830893,0.73443443505458,0.607918758874329,0.542326144546641,0.597614304667197,0.531609533071195,0.225,0,0,0,0,0,0,0,0,0,1,0,0,0,0,0,0,0,0,0,0,0,0,0,1,0,0,0,0,0,0,0,0,0,0,0,0,0,0,0,0,1,0,1,0,0,0,0,0,0,0,0,0,0,0,0,0,0,0,1,0,0,0,0,0,1,0,0,0,0,0,0
0.462669938190046,0.628075452620138,0.775300735329023,0.717740562565273,0.510753918455249,0.556600324801044,0.597614304667197,0.510753918455249,0.44375,0,0,0,0,0,0,0,0,0,0,0,0,1,0,0,0,0,0,0,0,0,0,0,0,0,0,1,0,0,0,0,1,0,0,0,0,1,0,0,0,0,0,0,1,0,0,0,0,0,0,0,0,0,0,0,0,1,0,0,0,0,0,0,0,0,0,0,0,0,0,0
0.220749661430304,0.337485158354718,0.571522885660482,0.389249472080761,0.422209509089051,0.380917365337531,0.40291148201269,0.422209509089051,0.15625,0,0,0,0,0,0,0,1,0,0,0,0,0,0,1,0,0,0,0,0,0,0,0,0,0,0,0,0,0,0,0,0,1,0,0,0,0,0,0,0,0,0,0,0,0,0,0,0,0,0,0,0,0,0,0,0,1,0,0,0,0,1,0,0,0,0,0,0,0,0,0
0.53027898742513,0.659485059975003,0.851706172557583,0.852802865422442,0.586070184252334,0.560112033611204,0.785419070867977,0.586070184252334,0.4375,0,0,0,0,0,0,0,0,0,1,0,0,0,0,0,0,0,1,0,0,0,0,0,0,0,0,0,0,0,0,0,0,0,0,0,0,1,0,0,0,0,0,0,0,0,0,0,0,0,1,0,0,0,1,0,0,1,0,0,0,0,0,0,0,0,0,0,0,0,0,0
0.441499322860607,0.628075452620138,0.662773687189363,0.870388279778489,0.41702882811415,0.512586673684769,0.441367414752375,0.361157559257308,0.3625,0,0,0,0,0,0,0,0,0,0,0,0,1,0,0,0,0,0,0,0,0,0,0,0,0,0,0,0,0,1,0,0,0,0,0,0,0,0,0,0,1,0,0,0,0,0,0,0,0,0,0,0,0,0,0,0,1,0,0,0,0,0,0,1,0,0,0,0,0,0,0
0.139277529487204,0.385013909716094,0.593846901194483,0.419234511649,0.442325868464691,0.39605901719067,0.433948946665029,0.442325868464691,0.225,0,0,0,0,0,0,0,0,0,0,1,0,0,0,1,0,0,0,0,0,0,0,0,0,0,0,0,0,0,0,0,0,1,0,0,0,0,0,0,0,0,0,0,0,0,0,0,0,0,0,0,0,0,0,0,0,1,0,0,0,0,0,0,0,0,0,0,0,0,0,0
0.220749661430304,0.437527305109945,0.607131688256983,0.426401432711221,0.427327386967152,0.342997170285018,0.441367414752375,0.427327386967152,0.4375,0,0,0,0,0,0,1,0,0,0,0,0,0,0,1,0,0,0,0,0,0,1,0,0,0,0,0,0,0,0,0,0,1,0,0,0,0,0,0,0,0,0,0,0,0,0,0,0,0,0,0,0,0,0,0,0,1,0,0,0,0,0,0,0,0,0,0,0,0,0,0
0.391001457937926,0.620913432168652,0.653594452440485,0.627645914460848,0.390094748802747,0.464420364012824,0.624187783932359,0.361157559257308,0.53125,0,0,0,0,0,0,0,0,0,1,0,0,0,0,0,0,0,0,0,0,0,0,0,0,0,0,0,0,0,0,0,1,0,0,0,0,1,0,0,0,0,0,0,1,0,0,0,0,0,0,0,0,0,0,0,0,1,0,0,0,0,0,0,0,0,0,0,1,0,0,0
0.481821089273723,0.634796445806215,0.803923713375684,0.797724035217466,0.489009646921826,0.577350269189626,0.742932064153952,0.466252404120157,0.71875,0,0,0,0,0,0,0,0,0,1,0,0,0,0,0,0,0,0,0,0,0,0,0,0,0,0,0,0,0,0,0,1,0,0,0,0,1,0,0,0,0,0,0,1,0,0,0,0,0,0,0,0,0,0,0,0,1,0,0,0,0,0,0,0,0,0,0,1,0,0,0
0.220749661430304,0.452354343338775,0.651212696495925,0.539359889970594,0.456832192576129,0.545929680166113,0.608382996253076,0.519196703948806,0.2125,1,0,0,0,0,0,0,0,0,0,0,0,0,0,0,0,0,0,0,0,0,0,0,0,0,0,0,0,0,0,0,1,0,0,0,0,0,0,1,0,0,0,0,1,0,0,0,0,0,0,0,0,0,0,0,0,1,0,0,0,0,0,0,0,0,0,0,0,0,0,0
0.499304720404712,0.547069498786269,0.80482286274725,0.696310623822791,0.437383524868149,0.76696498884737,0.764470787156438,0.484543711852349,0.5,0,1,0,0,0,0,0,0,0,0,0,0,0,0,0,0,0,0,0,0,0,1,1,0,0,0,0,0,0,0,0,0,0,0,0,0,0,0,1,0,0,0,0,0,0,0,0,0,0,0,0,0,0,0,0,0,1,0,0,0,0,0,0,0,0,0,0,0,0,0,0
0.323392408702842,0.399993756456832,0.6438411527049,0.577350269189626,0.427327386967152,0.438357003759605,0.522232967867094,0.40108548367822,0.53125,0,0,0,0,0,0,0,0,0,1,0,0,0,0,0,0,0,0,0,0,0,0,0,0,0,0,1,0,0,0,0,0,0,0,0,0,1,0,0,0,0,0,0,0,0,0,0,0,0,0,0,0,0,0,1,0,1,0,0,1,0,0,0,0,0,0,0,0,0,0,0
0.139277529487204,0.195627280223543,0.630724019590935,0.426401432711221,0.466252404120157,0.420084025208403,0.649675243547053,0.466252404120157,0.28125,0,0,0,0,0,0,0,1,0,0,0,0,0,0,0,0,0,0,0,0,0,0,0,0,0,0,0,0,1,0,0,0,0,0,0,0,0,0,0,0,0,1,0,0,0,0,0,0,0,0,0,0,0,0,0,1,0,0,0,0,0,0,0,0,0,0,0,0,0,0,0
0.323392408702842,0.699333500938527,0.638725875286301,0.381385035698237,0.611484295365188,0.472788971703768,0.394771016975861,0.611484295365188,0.14375,0,0,1,0,0,0,0,0,0,0,0,0,0,0,0,0,0,0,0,0,0,0,0,0,0,0,0,0,1,0,1,0,0,0,0,0,0,0,0,1,0,0,0,0,0,0,0,0,0,0,0,0,0,0,0,1,1,0,0,0,0,0,0,0,0,0,0,0,0,0,0
0.323392408702842,0.547069498786269,0.633437165960904,0.696310623822791,0.642684586917151,0.442807442770048,0.254823595718813,0.442325868464691,0.0625,0,0,0,0,0,0,0,0,1,0,0,0,0,0,0,0,0,0,0,0,0,0,0,0,0,0,0,0,0,1,0,0,0,0,0,0,0,0,0,0,0,1,0,0,0,0,0,0,0,0,0,0,0,0,0,0,1,0,0,0,0,0,0,0,0,1,0,0,0,0,0
0.360027190917508,0.600189973774049,0.733284263275928,0.174077655955698,0.147441956154897,0.62622429108515,0.31209389196618,0.531609533071195,0.1875,0,0,0,0,0,0,0,1,0,0,0,0,0,0,0,0,0,0,0,0,0,0,0,0,0,0,1,0,0,0,0,0,0,0,0,0,0,0,0,0,0,1,0,0,0,0,0,0,0,0,0,0,0,0,0,0,1,0,0,0,0,0,0,0,0,0,0,0,0,0,0
0.391001457937926,0.58117508667068,0.638725875286301,0.65133894727893,0.442325868464691,0.476918211428497,0.509647191437626,0.442325868464691,0.2625,0,0,0,0,0,0,0,0,0,0,0,0,1,0,0,0,1,0,0,0,0,0,0,0,1,0,0,0,0,0,0,0,0,1,0,0,0,0,0,0,1,0,0,0,0,0,0,0,0,0,0,0,0,0,0,0,1,0,0,0,0,0,1,0,0,0,0,0,0,0,0
0.499304720404712,0.686923987425856,0.813540325129075,0.816496580927726,0.55167728436737,0.523936831995584,0.864148856825748,0.55167728436737,0.5625,0,0,0,0,0,0,0,0,0,0,0,0,1,0,0,0,0,0,0,1,0,0,0,0,0,0,0,0,0,0,1,0,0,0,0,0,1,1,0,0,0,0,0,0,0,0,0,0,0,0,0,0,1,0,0,0,1,0,0,0,0,0,0,0,0,0,0,0,0,0,0
0.417832588461612,0.522706314557178,0.653594452440485,0.55048188256318,0.625543242171224,0.39605901719067,0.441367414752375,0.489009646921826,0.40625,1,0,0,0,0,0,0,0,0,0,0,0,0,0,1,0,0,0,0,0,0,0,0,0,0,0,0,1,0,0,0,0,1,0,0,0,0,0,0,0,0,0,0,0,0,1,0,0,0,0,0,0,0,0,1,0,1,0,0,0,0,0,0,0,0,0,0,0,0,0,0
0.278555058974408,0.46385777975146,0.653594452440485,0.544949260913066,0.493435163795169,0.438357003759605,0.564076074817766,0.514992612863862,0.4125,0,0,0,0,0,1,0,0,0,0,0,0,0,0,0,0,0,0,0,0,0,0,0,0,0,0,0,0,0,0,0,1,0,0,0,0,0,0,0,0,0,0,0,0,1,0,0,0,0,0,0,0,0,0,0,0,1,0,0,0,0,0,0,0,0,0,0,1,0,0,0
0.499304720404712,0.598385277083314,0.79270916294032,0.646669790682863,0.574834569775249,0.520180963986686,0.66936682622606,0.611484295365188,0.56875,0,0,0,0,0,1,0,0,0,0,0,0,0,0,0,0,0,0,0,0,0,0,0,0,0,0,0,0,0,0,0,1,0,0,0,0,0,0,0,0,0,0,0,0,1,0,0,0,0,0,0,0,0,0,0,0,1,0,0,0,0,0,0,0,0,0,0,1,0,0,0
0.462669938190046,0.707166619848287,0.660529015598175,0.348155311911396,0.466252404120157,0.420084025208403,0.624187783932359,0.722315118514615,0.3125,0,0,0,0,0,0,0,0,0,0,0,0,0,1,0,0,0,0,0,0,0,1,0,0,0,0,0,0,0,0,0,1,0,0,0,0,0,0,0,0,0,1,0,0,0,0,0,0,0,0,0,0,0,0,0,0,1,0,0,0,0,0,0,0,0,0,0,1,0,0,1
0.481821089273723,0.636413981523593,0.809242477991435,0.852802865422442,0.531609533071195,0.523936831995584,0.540562477617335,0.607918758874329,0.78125,0,0,0,0,0,0,0,0,0,0,0,0,1,0,0,1,0,0,0,0,0,0,0,0,0,1,0,0,0,0,0,0,0,0,0,0,1,0,0,0,0,0,0,0,0,0,0,0,0,0,0,0,0,0,0,0,1,0,0,0,1,0,0,0,0,0,0,0,0,0,0
0.638582249891916,0.867702170290494,0.855639203997555,0.921132372943677,0.751809411556112,0.671550736844851,0.597614304667197,0.489009646921826,0.25,0,0,0,0,0,0,0,0,0,0,0,0,1,0,0,0,0,0,0,0,0,0,0,0,1,0,0,0,0,1,0,0,0,0,0,0,1,0,0,0,1,0,0,0,0,0,0,0,0,0,0,0,0,0,0,0,1,0,0,0,0,0,0,0,0,0,0,0,0,0,0
0.601947467677251,0.781663402769892,0.816063323259922,0.778498944161523,0.737209780774486,0.62622429108515,0.845154254728517,0.466252404120157,0.3125,0,0,0,0,0,0,0,1,0,0,0,0,0,0,0,0,0,0,0,0,0,0,0,1,0,0,0,0,0,0,0,0,0,0,0,0,0,0,0,0,0,0,1,0,0,0,0,1,0,0,0,0,0,0,0,0,1,0,0,0,0,0,0,0,0,0,0,0,0,0,0
0.580776852347811,0.789839501693493,0.856928483931734,0.863397096042456,0.539726178562877,0.542326144546641,0.785419070867977,0.607918758874329,0.59375,0,0,0,0,0,0,0,0,0,0,0,0,1,0,0,0,0,1,0,0,0,0,0,0,0,0,0,0,0,0,0,0,0,0,0,0,0,1,0,0,0,0,0,0,0,0,0,0,0,0,0,0,0,0,0,0,1,0,0,0,0,0,0,0,0,0,0,0,0,0,0
0.441499322860607,0.636413981523593,0.855639203997555,0.696310623822791,0.55167728436737,0.577350269189626,0.936281675898539,0.571040240720161,0.5625,0,1,0,0,0,0,0,0,0,0,0,0,0,0,0,0,0,0,0,0,0,0,0,0,0,0,1,0,0,0,0,0,0,0,0,0,0,0,0,1,0,0,0,0,0,0,0,0,0,0,0,0,0,0,0,0,1,0,0,0,0,0,0,0,0,0,0,0,0,0,0
0.53027898742513,0.887814053331092,0.813540325129075,0.577350269189626,0.793999233380421,0.485071250072666,0.697863157798853,0.807572853087248,0.25,0,0,0,0,0,0,1,0,0,0,0,0,0,0,0,0,0,0,0,0,0,0,0,0,0,0,0,0,0,1,1,0,0,0,0,0,0,0,0,1,0,0,0,0,0,0,0,0,0,0,0,0,0,0,0,0,1,0,0,0,0,0,0,0,0,1,0,0,0,0,0
0.621098618760927,0.761178378674877,0.852368602360145,0.778498944161523,0.766130877682874,0.420084025208403,0.649675243547053,0.766130877682874,0.28125,0,1,0,0,0,0,0,0,0,0,0,0,0,0,0,0,0,0,0,0,0,0,1,0,0,0,0,0,0,0,0,0,0,0,0,0,0,0,1,0,0,0,0,0,0,0,0,0,1,0,0,0,0,0,0,0,0,0,0,0,1,0,0,0,0,0,0,0,0,0,0
0.515388101959017,0.609615417573736,0.799348547232085,0.696310623822791,0.55167728436737,0.523936831995584,0.720749970156447,0.55167728436737,0.6875,0,1,0,0,0,0,0,0,0,0,0,0,0,0,0,0,0,0,0,0,0,0,1,0,0,1,0,0,0,0,0,0,0,0,1,0,0,0,0,1,0,0,0,0,0,0,0,0,0,0,0,0,0,0,0,0,1,0,0,0,0,0,0,0,0,0,0,0,0,0,0
0.220749661430304,0.119948317697407,0.868076224094515,0.674199862463242,0.751809411556112,0.542326144546641,0.697863157798853,0.751809411556112,0.59375,0,0,0,0,0,0,0,0,0,0,0,0,1,0,0,0,0,0,0,0,0,0,0,0,0,0,0,0,1,0,0,0,0,0,0,0,0,0,0,0,0,1,0,0,0,0,0,0,0,0,0,0,0,0,0,1,0,0,0,0,0,0,0,0,0,0,0,0,0,0,0
0.220749661430304,0.119948317697407,0.868076224094515,0.870388279778489,0.55167728436737,0.542326144546641,0.900937462695559,0.55167728436737,0.71875,0,0,0,0,0,0,0,0,0,0,0,0,1,0,0,0,0,0,0,0,0,0,0,0,0,0,0,0,1,0,0,0,0,0,0,0,0,0,0,0,0,1,0,0,0,0,0,0,0,0,0,0,0,0,0,1,0,0,0,0,0,0,0,0,0,0,0,0,0,0,0
0.725559794743601,0.910885131782502,0.890837944755625,0.984731927834662,0.691564074808125,0.656789577429185,0.720749970156447,0.691564074808125,0.625,0,0,0,0,0,0,0,1,0,0,0,0,0,0,0,0,0,0,0,0,0,0,0,0,0,0,1,0,0,0,0,0,0,0,0,0,0,0,0,0,0,1,0,0,0,0,0,0,0,0,0,0,0,0,0,0,1,0,0,0,0,0,0,0,0,0,0,0,0,0,0
0.76489173156345,0.974190679875131,0.892890632056642,0.778498944161523,0.722315118514615,0.76696498884737,0.80582296402538,0.722315118514615,0.5625,0,0,0,0,0,0,0,0,0,0,0,1,0,0,0,0,1,0,0,0,0,0,1,0,0,0,0,0,0,0,0,0,0,0,0,0,0,0,0,0,0,1,0,0,0,0,0,0,0,0,0,0,0,0,0,0,1,0,0,0,1,0,0,0,0,0,0,0,0,0,0
0.544142070133146,0.737224115013443,0.873364933419912,0.65133894727893,0.722315118514615,0.685994340570035,0.697863157798853,0.751809411556112,0.53125,1,0,0,0,0,0,0,0,0,0,0,0,0,0,0,0,0,0,0,0,0,0,0,0,0,0,0,0,1,0,0,0,0,0,0,0,0,0,0,0,0,1,0,0,0,0,0,0,0,0,0,0,0,0,0,1,0,0,0,0,0,0,0,0,0,0,0,0,0,0,0
0.278555058974408,0.374928436920889,0.838554096676287,0.696310623822791,0.589767824619589,0.560112033611204,0.720749970156447,0.589767824619589,0.5,0,1,0,0,0,0,0,0,0,0,0,0,0,0,0,0,0,0,0,0,0,0,0,0,0,0,0,0,0,0,0,1,0,0,1,0,0,0,0,0,0,0,0,1,0,0,0,0,0,0,1,0,0,0,0,0,0,0,0,0,0,0,0,0,0,0,0,0,0,0,0
0.544142070133146,0.679607646575624,0.873364933419912,0.738548945875996,0.625543242171224,0.523936831995584,0.936281675898539,0.625543242171224,0.78125,0,0,0,0,0,0,0,1,0,0,0,0,0,0,0,1,0,0,0,0,0,0,0,0,0,0,0,0,0,0,0,0,0,0,0,0,0,0,0,0,0,1,0,0,0,0,0,0,0,0,0,0,0,0,0,0,1,0,0,0,0,0,0,0,0,0,0,0,0,0,0
0.696387647436021,0.881194956245678,0.901807458023552,0.852802865422442,0.722315118514615,0.685994340570035,0.882734829504749,0.722315118514615,0.75,0,0,0,0,0,0,0,0,0,1,0,0,0,0,0,0,0,0,0,0,0,0,0,0,0,0,1,0,0,0,0,0,0,0,0,0,0,0,0,0,0,1,0,0,0,0,0,0,0,0,0,0,0,0,0,0,1,0,0,0,0,0,0,0,0,0,0,0,0,0,0
0.360027190917508,0.479793270789629,0.6438411527049,0.522232967867094,0.489009646921826,0.420084025208403,0.540562477617335,0.489009646921826,0.39375,0,0,0,0,0,0,0,0,0,0,0,0,1,0,0,0,0,0,0,0,0,0,0,1,0,0,0,0,0,0,0,0,0,0,0,0,1,0,0,0,0,0,1,0,0,0,0,0,0,0,0,0,0,0,0,0,1,0,1,0,0,0,0,0,0,0,0,0,0,0,0
0.417832588461612,0.554115921912043,0.776380338143611,0.603022689155527,0.571040240720161,0.485071250072666,0.624187783932359,0.571040240720161,0.51875,0,0,0,0,0,0,0,0,0,0,0,0,1,0,0,0,0,0,0,0,0,0,0,1,0,0,0,0,0,0,0,0,0,0,0,0,1,0,0,0,0,0,1,0,0,0,0,0,0,0,0,0,0,0,0,0,1,0,1,0,0,0,0,0,0,0,0,0,0,0,0
0.323392408702842,0.501702831223396,0.6438411527049,0.617914380653325,0.442325868464691,0.504878164297401,0.540562477617335,0.442325868464691,0.28125,0,0,0,0,0,0,0,0,0,1,0,0,0,0,0,0,0,0,0,0,1,0,0,0,0,0,0,0,0,0,0,0,0,0,0,0,1,0,0,0,0,0,0,0,0,0,1,0,0,0,0,0,0,0,0,0,0,0,0,0,0,0,0,0,0,0,0,0,1,0,0
0.417832588461612,0.600636525169285,0.776380338143611,0.674199862463242,0.510753918455249,0.542326144546641,0.734139659030241,0.510753918455249,0.375,0,0,0,0,0,0,0,0,0,0,0,0,1,0,0,0,0,0,0,0,0,0,0,0,0,0,0,0,0,0,0,1,0,0,0,0,1,0,0,0,0,0,0,0,0,0,0,0,0,0,0,0,0,0,0,0,0,0,0,0,0,0,0,0,1,0,0,0,0,1,0
0.544142070133146,0.74813924538271,0.85368508261244,0.778498944161523,0.607918758874329,0.610367937893074,0.837435789358624,0.55167728436737,0.4375,0,0,0,0,0,0,0,0,0,1,0,0,0,0,0,0,0,0,0,0,0,0,0,0,0,0,0,0,0,0,0,1,0,0,0,0,1,0,0,0,0,0,0,0,0,0,0,0,0,0,0,0,0,0,0,0,0,0,0,0,0,0,0,0,1,0,0,0,0,1,0
0.441499322860607,0.544863733585329,0.759345031935007,0.696310623822791,0.531609533071195,0.504878164297401,0.476731294622796,0.531609533071195,0.375,0,0,0,0,0,0,0,0,0,1,0,0,0,0,0,0,0,0,0,0,0,0,0,0,0,0,1,0,0,0,0,0,0,0,0,0,1,0,0,0,0,0,0,0,0,0,0,0,0,0,0,0,0,1,0,0,1,0,0,0,0,0,0,0,0,0,0,0,0,0,0
0.278555058974408,0.503886537294261,0.627962850445739,0.55048188256318,0.40108548367822,0.400979193631652,0.56980288229819,0.40108548367822,0.4125,0,0,0,0,0,0,0,0,0,1,0,0,0,0,0,1,0,0,0,0,0,0,0,0,0,0,0,0,0,0,0,0,0,0,0,0,1,0,0,0,0,0,0,0,0,0,0,0,0,0,0,0,0,0,0,0,1,0,0,0,0,0,0,0,0,0,0,0,0,0,0
0.360027190917508,0.513206267636081,0.646337237701185,0.566755786218475,0.456832192576129,0.442807442770048,0.586647972941051,0.456832192576129,0.4,0,0,0,0,0,0,0,0,0,0,0,0,1,0,0,0,0,0,0,0,1,0,0,0,0,0,0,0,0,0,0,0,0,0,0,0,1,0,0,0,0,0,0,0,0,0,1,0,0,0,0,0,0,0,0,0,1,0,0,0,0,0,0,0,0,0,0,0,0,0,0
0.462669938190046,0.619047033490439,0.80482286274725,0.770674635588452,0.523367025593188,0.542326144546641,0.797724035217466,0.523367025593188,0.63125,0,0,0,0,0,0,0,0,0,0,0,0,1,0,0,0,0,0,0,0,0,0,0,0,0,0,0,0,0,0,0,1,0,0,0,0,1,0,0,0,0,0,0,0,0,0,0,0,0,0,0,0,0,0,0,0,1,0,0,0,0,0,0,0,0,0,0,0,0,1,0
0.481821089273723,0.699333500938527,0.801194746105738,0.577350269189626,0.607918758874329,0.6744642027449,0.833549755446665,0.642684586917151,0.18125,0,0,0,0,0,0,0,1,0,0,0,0,0,0,0,0,0,0,0,0,0,0,0,0,0,0,0,0,1,0,0,0,0,0,0,0,1,0,0,0,0,0,0,0,0,0,0,0,0,0,0,0,0,0,0,0,1,0,0,0,0,0,0,0,0,0,0,0,0,0,0
0.499304720404712,0.619047033490439,0.84141659871501,0.834847109936722,0.589767824619589,0.560112033611204,0.649675243547053,0.489009646921826,0.58125,0,0,0,0,0,0,0,0,0,0,0,0,0,1,0,0,0,0,0,0,0,1,0,0,0,0,1,0,0,0,0,0,0,0,0,1,0,0,0,0,0,0,0,0,0,0,0,0,0,0,0,0,0,0,0,0,1,0,0,0,0,0,0,0,0,0,0,0,0,0,0
0.417832588461612,0.622018146456052,0.636103931481981,0.603022689155527,0.373001923296126,0.420084025208403,0.56980288229819,0.373001923296126,0.475,0,0,0,0,0,0,0,0,0,1,0,0,0,0,0,0,0,1,0,0,0,0,0,0,0,0,0,0,0,0,0,0,0,0,0,0,1,0,0,0,0,0,0,0,0,0,0,0,0,0,0,0,0,0,0,0,1,0,0,0,0,0,0,0,0,0,0,0,0,0,0
0.278555058974408,0.566975669728449,0.627962850445739,0.674199862463242,0.607918758874329,0.464420364012824,0.40291148201269,0.329690236697893,0.09375,0,0,0,0,0,0,0,0,1,0,0,0,0,0,0,0,0,0,0,0,0,0,0,0,0,0,0,0,0,1,0,0,0,0,0,0,0,0,0,1,0,0,0,0,0,0,0,0,0,0,0,0,0,0,0,0,1,0,0,0,0,0,0,0,0,1,0,0,0,0,0
0.278555058974408,0.332406025641368,0.646337237701185,0.522232967867094,0.432384691841802,0.464420364012824,0.597614304667197,0.432384691841802,0.45,0,0,0,0,0,0,0,0,0,0,0,0,0,1,0,0,0,0,0,0,0,1,0,0,0,0,0,0,1,0,0,0,0,0,0,1,1,0,0,0,0,0,0,0,0,0,0,0,0,0,0,0,0,0,0,0,1,0,0,0,0,0,0,0,0,0,0,0,0,0,0
0.441499322860607,0.508127134922731,0.780625552045878,0.587753813645259,0.489009646921826,0.512586673684769,0.707106781186548,0.489009646921826,0.7125,0,0,0,0,0,0,0,0,0,0,0,0,0,1,0,0,0,0,0,0,0,1,0,0,0,0,0,0,1,0,0,0,0,0,0,1,1,0,0,0,0,0,0,0,0,0,0,0,0,0,0,0,0,0,0,0,1,0,0,0,0,0,0,0,0,0,0,0,0,0,0
0.220749661430304,0.485056056471321,0.653594452440485,0.717740562565273,0.41702882811415,0.485071250072666,0.441367414752375,0.442325868464691,0.425,0,0,0,0,0,0,0,0,0,0,0,0,1,0,0,0,0,0,0,0,0,0,0,0,1,0,0,0,0,0,0,0,0,0,0,0,1,0,0,0,0,0,0,0,0,0,0,0,0,0,0,0,0,0,0,0,1,0,0,0,0,0,0,0,0,0,0,0,0,0,0
0.360027190917508,0.527163327844089,0.64130447918644,0.696310623822791,0.489009646921826,0.542326144546641,0.40291148201269,0.390094748802747,0.21875,0,0,0,0,0,0,0,1,0,0,0,0,0,0,0,0,0,0,0,1,0,0,0,0,0,0,0,0,0,0,0,0,0,0,0,0,0,1,0,0,0,0,0,0,0,0,0,0,0,1,0,0,0,0,0,0,1,0,0,0,0,0,0,1,0,0,0,0,0,0,0
0.417832588461612,0.560735018997457,0.764072726585053,0.627645914460848,0.489009646921826,0.542326144546641,0.649675243547053,0.489009646921826,0.43125,0,0,0,0,0,0,0,0,0,0,0,0,1,0,0,0,0,0,0,0,0,0,0,0,1,0,0,0,0,0,0,1,0,0,0,0,0,0,0,0,0,0,0,1,0,0,0,0,0,0,1,0,0,0,0,0,0,0,0,0,0,0,0,0,0,0,0,1,0,0,1
0.544142070133146,0.702007471254524,0.847671413589823,0.758786910639328,0.571040240720161,0.641688947919748,0.742932064153952,0.571040240720161,0.4625,0,0,0,0,0,0,0,1,0,0,0,0,0,0,0,0,0,0,0,0,0,0,0,0,1,0,0,0,0,0,0,1,0,0,0,0,0,0,0,0,0,0,0,1,0,0,0,0,0,0,0,0,0,0,0,0,1,0,0,0,0,0,0,0,0,0,0,1,0,0,1
0.515388101959017,0.689915453017856,0.794635137823943,0.778498944161523,0.607918758874329,0.685994340570035,0.441367414752375,0.607918758874329,0.28125,0,0,0,0,0,0,0,1,0,0,0,0,0,0,0,0,0,0,0,1,0,0,0,0,0,0,0,0,0,0,0,0,0,0,0,0,0,1,0,0,0,0,0,0,0,0,0,0,0,1,0,0,1,0,0,0,1,0,0,0,0,0,0,0,0,0,0,0,0,0,0
0.499304720404712,0.58117508667068,0.844922408816273,0.790090136783408,0.589767824619589,0.542326144546641,0.674199862463242,0.589767824619589,0.575,0,0,0,0,0,0,0,1,0,0,0,0,0,0,1,0,0,0,0,0,0,0,0,1,0,0,0,0,0,0,0,0,1,0,0,0,0,0,0,0,0,0,0,0,0,0,0,1,0,0,0,0,0,0,0,0,1,0,0,0,0,0,0,0,0,0,1,0,0,0,0
0.278555058974408,0.433483077433576,0.6164018597523,0.522232967867094,0.506479751945164,0.342997170285018,0.441367414752375,0.411782973653968,0.35625,1,0,0,0,0,0,0,0,0,0,0,0,0,0,1,0,0,0,0,0,0,0,0,0,0,0,0,1,0,0,0,0,1,0,0,0,0,0,0,0,0,0,0,0,0,0,0,0,0,0,0,0,0,0,0,0,1,0,0,0,0,0,0,0,0,0,1,0,0,0,0
0.646784817405685,0.830151791483364,0.839991913159399,0.778498944161523,0.622058294486241,0.485071250072666,0.597614304667197,0.547722557505166,0.7,1,0,0,0,0,0,0,0,0,0,0,0,0,0,1,0,0,0,0,0,0,0,0,0,0,0,0,1,0,0,0,0,1,0,0,0,0,0,0,0,0,0,0,0,0,0,0,0,0,0,0,0,0,0,0,0,1,0,0,0,0,0,0,0,0,0,1,0,0,0,0
0.220749661430304,0.195627280223543,0.627962850445739,0.404519917477945,0.510753918455249,0.39605901719067,0.490162973162743,0.466252404120157,0.4125,0,0,1,0,0,0,0,0,0,0,0,0,0,0,0,0,0,0,1,0,0,0,0,1,0,0,0,0,0,0,0,0,0,0,1,0,0,0,0,0,0,0,1,0,0,0,0,1,0,0,0,1,0,0,0,0,1,0,0,0,0,0,0,0,0,0,0,0,0,0,0
0.391001457937926,0.457433476052125,0.799348547232085,0.63722884904923,0.607918758874329,0.485071250072666,0.707106781186548,0.571040240720161,0.725,0,0,0,0,0,0,0,1,0,0,0,0,0,0,0,0,0,0,1,0,0,0,0,1,0,0,0,0,0,0,0,0,0,0,1,0,0,0,0,0,0,0,1,0,0,0,0,1,0,0,0,1,0,0,0,0,1,0,0,0,0,0,0,0,0,0,0,0,0,0,0
0.515388101959017,0.746159363623787,0.799348547232085,0.921132372943677,0.489009646921826,0.641688947919748,0.441367414752375,0.489009646921826,0.59375,0,0,0,0,0,0,0,0,0,1,0,0,0,0,0,0,0,0,0,0,1,0,0,0,0,0,0,0,0,0,0,0,0,0,0,0,1,0,0,0,0,0,0,0,0,0,0,0,0,0,0,0,0,0,0,0,1,0,0,0,0,0,0,1,0,0,0,0,0,0,0
0.220749661430304,0.543368070964303,0.651212696495925,0.627645914460848,0.607918758874329,0.442807442770048,0.476731294622796,0.390094748802747,0.34375,1,0,0,0,0,0,0,0,0,0,0,0,0,0,1,0,0,0,0,0,0,0,0,0,0,0,0,0,0,1,0,0,1,0,0,0,0,0,0,1,0,0,0,0,0,0,0,0,0,0,0,0,0,0,0,0,1,0,0,0,0,0,0,0,1,1,0,0,0,0,0
0.323392408702842,0.497199856385002,0.66498651839181,0.8238858408711,0.442325868464691,0.464420364012824,0.693195124419871,0.442325868464691,0.4375,0,0,0,0,0,0,0,0,0,0,0,0,0,1,0,0,0,0,0,0,0,1,0,0,0,0,0,0,0,1,0,0,0,0,0,1,0,0,0,0,0,0,0,0,0,1,0,0,0,0,0,0,0,0,0,0,1,0,0,0,0,0,0,0,0,0,0,0,0,0,0
0.360027190917508,0.626328508728388,0.653594452440485,0.55048188256318,0.519196703948806,0.442807442770048,0.509647191437626,0.519196703948806,0.40625,0,0,0,0,0,0,0,1,0,0,0,0,0,0,0,0,0,0,0,0,0,0,0,0,0,0,0,1,0,0,0,0,0,0,0,0,0,0,0,1,0,0,0,0,0,0,0,0,0,0,0,0,0,0,0,0,1,0,0,0,0,0,0,0,0,0,0,0,0,0,0
0.557110117948816,0.731328051638197,0.809242477991435,0.797724035217466,0.510753918455249,0.485071250072666,0.882734829504749,0.510753918455249,0.65625,0,0,0,0,0,0,0,0,0,0,0,0,1,0,0,1,0,0,0,0,0,0,0,0,0,0,0,0,0,0,0,0,0,0,0,0,1,0,0,0,0,0,0,0,0,0,0,0,0,0,0,0,0,0,0,0,1,0,0,0,0,0,0,0,0,0,0,0,0,0,0
0.323392408702842,0.471390536260133,0.796537624623192,0.758786910639328,0.510753918455249,0.542326144546641,0.649675243547053,0.510753918455249,0.71875,0,0,0,0,0,0,0,0,0,1,0,0,0,0,0,0,0,0,0,0,0,0,0,0,0,0,1,0,0,0,0,0,0,0,0,0,1,0,0,0,0,0,0,0,0,0,0,0,0,0,0,0,0,0,0,0,1,0,0,0,0,0,0,0,0,0,0,0,0,0,0
0.278555058974408,0.443325924209076,0.633437165960904,0.426401432711221,0.466252404120157,0.420084025208403,0.597614304667197,0.531609533071195,0.28125,0,0,0,0,0,0,0,1,0,0,0,0,0,0,0,0,0,0,0,0,0,0,0,0,0,0,0,0,1,0,0,0,0,0,0,0,0,1,0,0,0,0,0,0,0,0,0,0,1,0,0,0,0,0,0,0,1,0,0,0,0,0,0,0,0,0,0,0,0,0,0
0.462669938190046,0.579023654222259,0.842124091919002,0.627645914460848,0.571040240720161,0.656789577429185,0.900937462695559,0.607918758874329,0.1875,0,1,0,0,0,0,0,0,0,0,0,0,0,0,0,0,0,0,0,0,0,0,0,0,0,0,0,0,1,0,0,0,0,0,0,0,0,0,1,0,0,0,0,0,0,0,0,0,0,0,0,0,0,0,0,0,1,0,0,0,0,0,0,0,0,0,0,0,0,0,0
0.323392408702842,0.445192322887289,0.646337237701185,0.674199862463242,0.442325868464691,0.442807442770048,0.509647191437626,0.442325868464691,0.375,0,0,0,0,0,0,0,1,0,0,0,0,0,0,1,0,0,0,0,0,0,0,0,0,0,0,0,0,0,0,0,0,1,0,0,0,0,0,0,0,0,0,0,0,0,0,0,0,0,0,0,0,0,0,0,0,1,0,0,0,0,0,0,0,0,0,1,0,0,0,0
0.499304720404712,0.633154585333488,0.655940391145971,0.492365963917331,0.466252404120157,0.464420364012824,0.649675243547053,0.607918758874329,0.25,0,0,0,0,0,0,0,0,0,0,0,1,0,0,0,0,0,0,0,0,0,0,1,0,0,0,0,0,0,0,0,1,0,0,0,0,0,0,1,0,0,0,0,0,0,0,0,0,0,0,0,0,0,0,0,0,1,0,0,0,0,0,0,0,0,0,0,0,0,0,1
0.139277529487204,0.119948317697407,0.625151927836845,0.577350269189626,0.41702882811415,0.370479286817474,0.540562477617335,0.41702882811415,0.375,0,0,0,0,0,1,0,0,0,0,0,0,0,0,0,0,0,1,0,0,0,0,0,0,0,0,0,0,0,0,0,0,0,0,0,0,0,0,1,0,0,0,0,0,0,0,0,0,0,0,0,0,0,0,0,1,0,0,0,0,0,0,0,0,0,0,0,0,0,0,0
0.611751119368229,0.730517292982417,0.849701836839068,0.834847109936722,0.589767824619589,0.577350269189626,0.82572282384477,0.589767824619589,0.3125,0,0,0,0,0,1,0,0,0,0,0,0,0,0,0,0,0,1,0,0,0,0,0,0,0,0,0,0,0,0,0,0,0,0,0,0,0,0,1,0,0,0,0,0,0,0,0,0,0,0,0,0,0,0,0,1,0,0,0,0,0,0,0,0,0,0,0,0,0,0,0
0.323392408702842,0.491296707202313,0.655940391145971,0.577350269189626,0.489009646921826,0.464420364012824,0.742932064153952,0.489009646921826,0.1875,0,0,0,0,0,0,0,0,0,0,0,0,1,0,0,0,0,0,0,0,0,0,0,0,0,0,0,0,1,0,0,0,0,0,0,0,0,1,0,0,0,0,0,0,0,0,0,0,0,0,0,0,0,0,0,0,1,0,0,0,0,0,0,0,0,0,0,0,0,0,0
0.462669938190046,0.642654632254585,0.775300735329023,0.842075358320684,0.55167728436737,0.508747019069168,0.509647191437626,0.466252404120157,0.41875,0,0,0,0,0,0,0,0,0,0,0,0,1,0,0,0,1,0,0,0,0,0,0,0,0,0,0,0,0,0,0,0,0,1,0,0,0,0,0,0,1,0,0,0,0,0,0,0,0,0,0,0,0,0,0,0,1,0,0,0,0,0,0,0,0,0,0,0,0,0,0
0.580776852347811,0.760045885444113,0.856928483931734,0.943879807448539,0.625543242171224,0.545929680166113,0.624187783932359,0.55167728436737,0.60625,0,0,0,0,0,0,0,0,0,0,0,0,1,0,0,0,1,0,0,0,0,0,0,0,0,0,0,0,0,0,0,0,0,1,0,0,0,0,0,0,1,0,0,0,0,0,0,0,0,0,0,0,0,0,0,0,1,0,0,0,0,0,0,0,0,0,0,0,0,0,0
0.323392408702842,0.485056056471321,0.64130447918644,0.65133894727893,0.41702882811415,0.464420364012824,0.624187783932359,0.41702882811415,0.25,0,0,0,0,0,0,0,0,0,0,0,0,1,0,0,0,0,0,0,0,0,0,0,0,0,1,0,0,0,0,0,0,0,0,0,0,1,0,0,0,0,0,0,0,0,0,0,0,0,0,0,0,0,0,0,0,1,0,0,0,0,0,0,0,0,0,0,0,0,0,0
0.417832588461612,0.604144671585675,0.803923713375684,0.65133894727893,0.41702882811415,0.560112033611204,0.80582296402538,0.510753918455249,0.90625,0,1,0,0,0,0,0,0,0,0,0,0,0,0,1,0,0,0,0,0,0,0,0,0,0,0,0,0,0,0,0,0,1,0,0,0,0,0,0,0,0,0,0,0,0,0,0,0,0,0,1,0,0,0,0,0,1,0,0,0,0,0,0,0,0,0,0,0,0,0,0
0.53027898742513,0.641127591083571,0.809242477991435,0.870388279778489,0.510753918455249,0.504878164297401,0.785419070867977,0.510753918455249,0.65625,0,0,0,0,0,0,0,0,0,0,0,0,1,0,0,0,0,0,0,1,0,0,0,0,0,0,0,0,0,0,0,0,0,0,0,0,1,1,0,0,0,0,0,0,0,0,0,0,0,0,0,0,1,0,0,0,1,0,0,0,0,0,0,0,0,0,0,0,0,0,0
0.544142070133146,0.656854049196816,0.809242477991435,0.863397096042456,0.571040240720161,0.62622429108515,0.608382996253076,0.571040240720161,0.5,0,0,0,0,0,0,0,0,0,0,0,0,0,1,0,0,0,0,0,0,0,1,0,0,0,0,1,0,0,0,0,0,0,0,0,1,0,0,0,0,0,0,0,0,0,0,0,0,0,0,0,0,0,0,1,0,1,0,0,0,0,0,0,1,0,0,0,0,0,0,0
0.53027898742513,0.694725996016575,0.800274377748271,0.766732539989525,0.535683228913441,0.577350269189626,0.82572282384477,0.535683228913441,0.40625,0,0,0,0,0,0,0,0,0,0,0,0,1,0,0,0,0,0,0,0,1,0,0,0,0,0,0,0,0,0,0,0,0,0,0,0,1,0,0,0,0,0,0,0,0,0,0,0,0,0,0,0,0,0,0,0,1,0,0,0,0,0,0,0,0,0,0,0,0,0,0
0.53027898742513,0.678521252896361,0.77851738504333,0.717740562565273,0.55167728436737,0.531368931324057,0.649675243547053,0.55167728436737,0.3625,0,0,0,0,0,0,0,0,0,1,0,0,0,0,0,1,1,0,0,0,0,0,0,0,0,0,0,0,0,0,0,0,0,1,0,0,0,0,0,0,0,0,0,0,0,0,0,0,0,0,0,0,0,0,0,0,1,0,0,0,0,0,0,0,0,0,0,0,0,0,0
0.601947467677251,0.829879177948633,0.868076224094515,0.738548945875996,0.559502884944188,0.59737990014566,0.764470787156438,0.748912254685014,0.675,0,0,0,0,0,0,0,0,0,1,0,0,0,0,0,0,0,0,0,1,0,0,0,1,0,0,0,0,0,0,0,0,0,0,0,0,0,0,0,0,0,1,0,0,0,0,0,0,0,0,0,0,0,0,0,0,1,0,0,0,0,0,0,0,0,0,0,0,0,0,0
0.544142070133146,0.700232120529276,0.868076224094515,0.834847109936722,0.55167728436737,0.556600324801044,0.900937462695559,0.589767824619589,0.69375,0,1,0,0,0,0,0,0,0,0,0,0,0,0,0,0,0,1,0,0,0,1,0,0,0,0,0,0,0,0,0,0,0,0,0,0,0,0,0,0,0,1,0,0,0,0,0,0,0,0,0,0,0,0,0,0,1,0,0,0,0,0,0,0,0,0,0,0,0,0,0
0.696387647436021,0.884554657140987,0.892890632056642,0.852802865422442,0.659380473395787,0.62622429108515,0.986927542439653,0.722315118514615,0.5625,0,0,0,0,0,0,0,0,0,0,0,0,0,1,0,0,1,0,0,0,1,0,0,0,0,0,0,0,0,0,0,0,0,0,0,0,0,0,0,0,0,1,0,0,0,0,0,0,0,0,0,0,0,0,0,0,1,0,0,0,0,0,0,0,0,0,0,0,0,0,0
0.676607591297158,0.889407974543362,0.892890632056642,0.953462589245592,0.722315118514615,0.62622429108515,0.882734829504749,0.659380473395787,0.5625,0,0,0,0,0,0,0,0,0,0,0,0,1,0,0,0,1,1,0,0,0,0,0,0,0,0,0,0,0,0,0,0,0,0,0,0,0,0,0,0,0,1,0,0,0,0,0,0,0,0,0,0,0,0,0,0,1,0,0,0,0,0,0,0,0,0,0,0,0,0,0
0.557110117948816,0.742696779009812,0.854339179940086,0.80528556952478,0.728309537634031,0.587450456818008,0.693195124419871,0.571040240720161,0.4,0,0,0,0,0,0,0,0,0,0,0,0,1,0,0,0,0,0,0,1,0,0,0,1,0,0,0,0,0,0,0,0,0,0,0,0,1,0,0,0,0,0,0,0,0,0,0,0,0,0,0,0,0,0,0,0,1,0,1,0,0,0,0,0,0,0,0,0,0,0,0
0.544142070133146,0.65415806866727,0.854339179940086,0.758786910639328,0.539726178562877,0.531368931324057,0.817820988255479,0.555603862634083,0.7625,0,0,0,0,0,0,0,1,0,0,0,0,0,0,0,1,0,0,0,0,0,0,0,0,0,0,0,0,0,0,0,1,0,0,0,0,0,0,0,0,0,0,0,1,0,0,0,0,0,0,0,0,0,0,0,0,1,0,0,0,0,0,0,0,0,0,0,0,0,1,0
0.462669938190046,0.660519965011984,0.77957502966461,0.582575265003535,0.578604017178979,0.577350269189626,0.56980288229819,0.578604017178979,0.4875,0,0,0,0,0,0,0,0,0,0,0,0,1,0,0,0,0,0,0,0,0,0,0,0,1,0,1,0,0,0,0,0,0,0,0,0,1,0,0,0,0,0,0,0,0,0,0,0,0,0,0,0,0,0,0,0,1,0,0,0,0,0,0,0,0,0,0,0,0,0,0
0.220749661430304,0.309334947189958,0.627962850445739,0.55048188256318,0.432384691841802,0.420084025208403,0.509647191437626,0.40646942234853,0.3875,0,0,0,0,0,0,0,0,0,0,0,0,0,1,0,0,0,0,0,0,0,1,0,0,0,0,1,0,0,0,0,0,0,0,0,1,0,0,0,0,0,0,0,0,0,0,0,0,0,0,0,0,0,0,0,0,1,0,0,0,0,0,0,0,0,0,0,0,0,0,0
0.220749661430304,0.351442218562726,0.575472513939036,0.460566186471838,0.41702882811415,0.386030578896462,0.418717894679312,0.329690236697893,0.21875,1,0,0,0,0,0,0,0,0,0,0,0,0,0,1,0,0,0,0,0,0,0,0,0,0,0,0,0,0,0,0,0,1,0,0,0,0,0,0,0,0,0,0,0,0,0,0,0,0,0,0,0,0,0,0,0,1,0,0,0,0,0,0,0,0,0,0,0,0,0,0
0.499304720404712,0.560735018997457,0.814385866408235,0.56138357221379,0.466252404120157,0.560112033611204,0.764470787156438,0.466252404120157,0.55625,0,0,0,0,1,0,0,0,0,0,0,0,0,0,1,0,0,0,0,0,0,1,0,0,0,0,0,0,0,0,0,0,1,0,0,0,0,0,0,0,0,0,0,0,0,0,0,0,0,0,0,0,0,0,0,0,1,0,0,0,0,0,0,0,0,0,0,0,0,0,0
0.544142070133146,0.731865231880177,0.807489628268327,0.641966675241957,0.559502884944188,0.580736516813593,0.841303873634377,0.535683228913441,0.6625,0,0,0,0,0,0,0,0,0,1,0,0,0,0,0,0,0,0,0,0,1,0,0,0,0,0,1,0,0,0,0,0,0,0,0,0,1,0,0,0,0,0,0,0,0,0,0,0,0,0,0,0,0,0,0,0,1,0,0,0,0,0,0,0,0,0,0,0,0,0,0
0.441499322860607,0.626328508728388,0.662773687189363,0.627645914460848,0.456832192576129,0.508747019069168,0.634505636379538,0.497821340398864,0.325,0,0,0,0,0,0,0,0,0,1,0,0,0,0,0,0,0,0,0,0,0,0,0,1,0,0,0,0,0,0,0,0,0,0,0,0,1,0,0,0,0,0,0,0,0,0,0,0,0,0,0,0,0,0,0,0,1,0,0,0,0,0,0,0,0,0,0,0,0,0,0
0.417832588461612,0.327079034333635,0.651212696495925,0.696310623822791,0.659380473395787,0.420084025208403,0.476731294622796,0.40108548367822,0.175,0,0,0,1,0,0,0,0,0,0,0,0,0,0,0,0,0,0,0,0,0,0,1,0,0,0,0,0,0,0,1,0,0,0,0,0,0,0,0,1,0,0,0,0,0,0,0,0,0,0,0,0,0,0,0,0,1,0,0,0,0,0,0,0,0,0,0,0,0,0,0
0.139277529487204,0.175721109281363,0.658251573923031,0.56138357221379,0.510753918455249,0.553066318754972,0.639602149066831,0.531609533071195,0.14375,0,1,0,0,0,0,0,0,0,0,0,0,0,0,0,0,0,0,1,0,0,0,0,0,0,0,0,0,0,0,0,0,0,0,1,0,0,0,0,0,0,0,0,0,0,0,0,0,0,0,0,0,0,0,0,0,1,0,0,0,0,0,0,0,0,0,0,0,0,0,0
0.417832588461612,0.427121181088862,0.799348547232085,0.696310623822791,0.611484295365188,0.56707021386331,0.742932064153952,0.571040240720161,0.45,0,0,0,0,0,0,0,1,0,0,0,0,0,0,0,0,0,0,1,0,0,0,0,0,0,0,0,0,0,0,0,0,0,0,1,0,0,0,0,0,0,0,0,0,0,0,0,0,0,0,0,0,0,0,0,0,1,0,0,0,0,0,0,0,0,0,0,0,0,0,0
0.515388101959017,0.749743202135586,0.805716859372071,0.797724035217466,0.707106781186547,0.531368931324057,0.592156525463792,0.611484295365188,0.425,0,0,0,0,0,0,1,0,0,0,0,0,0,0,0,0,0,0,0,0,0,0,0,0,0,0,0,0,0,1,0,1,0,0,0,0,0,0,0,0,0,0,0,0,0,1,0,0,0,0,0,0,0,0,0,0,1,0,0,0,0,0,0,0,0,0,0,0,0,0,0
0.417832588461612,0.60712447309306,0.66716839988994,0.73443443505458,0.578604017178979,0.476918211428497,0.540562477617335,0.442325868464691,0.3,0,0,0,0,0,0,0,0,0,0,0,0,1,0,0,0,1,0,0,0,0,0,0,0,0,0,0,0,0,1,0,0,0,1,0,0,0,0,0,0,1,0,0,0,0,0,0,0,0,0,0,0,0,0,0,0,1,0,0,0,0,0,0,0,0,1,0,0,0,0,0
0.220749661430304,0.363815632996233,0.638725875286301,0.55048188256318,0.390094748802747,0.420084025208403,0.597614304667197,0.571040240720161,0.25,0,0,0,0,0,0,0,0,0,0,1,0,0,0,0,0,1,0,0,0,0,0,0,0,0,0,0,0,0,0,0,0,0,1,0,0,0,0,0,0,0,0,0,0,0,0,0,0,0,0,1,0,0,0,0,0,1,0,0,0,0,0,0,0,0,0,0,0,0,0,0
0.417832588461612,0.563899926506687,0.789774869835398,0.674199862463242,0.480036230516714,0.516397779494322,0.734139659030241,0.700931057826722,0.375,0,0,0,0,0,0,0,0,0,0,1,0,0,0,0,0,1,0,0,0,0,0,0,0,0,0,0,0,0,0,0,0,0,1,0,0,0,0,0,0,0,0,0,0,0,0,0,0,0,0,1,0,0,0,0,0,1,0,0,0,0,0,0,0,0,0,0,0,0,0,0
0.601947467677251,0.931007718383123,0.810111572072648,0.842075358320684,0.894427190999916,0.610367937893074,0.534522483824849,0.447213595499958,0.175,0,0,0,0,0,0,0,0,0,1,0,0,0,0,0,0,0,0,0,0,0,0,0,0,0,1,0,0,0,0,0,0,0,0,0,0,0,0,0,0,1,0,0,0,0,0,0,0,0,0,0,0,0,0,0,0,1,0,0,1,0,0,0,0,0,1,0,0,0,0,0
0.68341959962035,0.837775268116854,0.892890632056642,0.891032768162537,0.642684586917151,0.702935023354807,0.922306538331671,0.65275336576822,0.61875,0,0,0,0,0,0,0,0,0,1,0,0,0,0,0,0,0,0,1,0,0,0,0,0,0,0,0,0,0,0,0,0,0,0,0,0,0,0,0,0,0,1,0,0,0,0,0,0,0,0,0,0,0,0,0,0,1,0,0,0,0,0,0,0,0,0,0,0,0,0,0
0.815885120784362,0.8315047414344,0.892890632056642,0.891032768162537,0.642684586917151,0.702935023354807,0.922306538331671,0.65275336576822,0.61875,0,0,0,0,0,0,0,0,0,0,0,0,0,1,0,1,0,0,0,0,0,1,0,0,0,0,0,0,0,0,0,0,0,0,0,0,0,0,0,0,0,1,0,0,0,0,0,0,0,0,0,0,0,0,0,0,1,0,0,0,0,0,0,0,0,0,0,0,0,0,0
